<?xml version="1.0" encoding="UTF-8"?>
<dataroot xmlns:od="urn:schemas-microsoft-com:officedata" generated="2019-01-22T09:22:28">
<tblStatesALA>
<ID>53</ID>
<Name>District of Columbia</Name>
<Abbrev>DC</Abbrev>
<FipsCode>11</FipsCode>
<LegislatureHyperlink>#http://www.dccouncil.washington.dc.us/#</LegislatureHyperlink>
<qryXMLSLATIDetail>
<Name>District of Columbia</Name>
<Abbrev>DC</Abbrev>
<FipsCode>11</FipsCode>
<Category>Smoking Restrictions</Category>
<Subcategory>Overall Summary of Smoking Restrictions</Subcategory>
<HasLawOrRestriction>Y</HasLawOrRestriction>
<HasLawOrRestrictionDescription>Yes, has a law or restriction</HasLawOrRestrictionDescription>
<Citation>D.C. CODE ANN. tit. 7 §§ 7-741.01 to 7-741.07 (2017).</Citation>
<Description>The Department of Health is authorized to conduct inspections of all &quot;places of employment&quot; and &quot;public places&quot; to ensure that the activity of smoking in such places, which is hereby prohibited, is not taking place. A &quot;public place&quot; is defined as an enclosed area to which the public is invited or in which the public is permitted, including restaurants and bars/taverns. The definition excludes a private residence, unless it is used as a child care, adult day care, or health care facility. The definition of &quot;smoking&quot; includes electronic smoking devices as defined. An economic hardship waiver is also available under certain conditions, and smoking can be restricted outside buildings. See the Other State Smoking Restrictions and Provisions section for more details.</Description>
<CategoryDisplayOrder>1</CategoryDisplayOrder>
<SubcategoryDisplayOrder>1</SubcategoryDisplayOrder>
<SubcategoryID>1268</SubcategoryID>
<CategoryID>1262</CategoryID>
<StateID>53</StateID>
</qryXMLSLATIDetail>
<qryXMLSLATIDetail>
<Name>District of Columbia</Name>
<Abbrev>DC</Abbrev>
<FipsCode>11</FipsCode>
<Category>Smoking Restrictions</Category>
<Subcategory>Exceptions to the Law</Subcategory>
<HasLawOrRestriction>Y</HasLawOrRestriction>
<HasLawOrRestrictionDescription>Yes, has a law or restriction</HasLawOrRestrictionDescription>
<Citation>D.C. CODE ANN. tit. 7 §§ 7-741.01 (2017) &amp; 7-741.03 (2011).</Citation>
<Description>Exceptions to the law include: 1) a retail store that is used primarily for the sale of tobacco products and accessories in which the total annual revenue generated by the sale of non-tobacco products or accessories is no greater than 25 percent of total revenue, provided, that it does not share space with any other establishment; 2) tobacco bars as defined; 3) an outdoor area of a restaurant, tavern, club, brew pub, or nightclub; 4) hotel and motel rooms; 5) a medical treatment, research, or nonprofit institution where the activity of smoking is conducted for the purpose of medical research or is an integral part of a smoking cessation program; 6) theatrical productions; and 7) cigar smoking at special events at hotels once a year for one day if they follow certain requirements.</Description>
<CategoryDisplayOrder>1</CategoryDisplayOrder>
<SubcategoryDisplayOrder>2</SubcategoryDisplayOrder>
<SubcategoryID>1269</SubcategoryID>
<CategoryID>1262</CategoryID>
<StateID>53</StateID>
</qryXMLSLATIDetail>
<qryXMLSLATIDetail>
<Name>District of Columbia</Name>
<Abbrev>DC</Abbrev>
<FipsCode>11</FipsCode>
<Category>Smoking Restrictions</Category>
<Subcategory>Stronger Local Laws on Smoking</Subcategory>
<HasLawOrRestriction>N/A</HasLawOrRestriction>
<HasLawOrRestrictionDescription>Not applicable</HasLawOrRestrictionDescription>
<Description>Laws were approved by the District of Columbia city council/mayor, and there is no lawmaking body beneath the council/mayor.</Description>
<CategoryDisplayOrder>1</CategoryDisplayOrder>
<SubcategoryDisplayOrder>3</SubcategoryDisplayOrder>
<SubcategoryID>1270</SubcategoryID>
<CategoryID>1262</CategoryID>
<StateID>53</StateID>
</qryXMLSLATIDetail>
<qryXMLSLATIDetail>
<Name>District of Columbia</Name>
<Abbrev>DC</Abbrev>
<FipsCode>11</FipsCode>
<Category>Smoking Restrictions</Category>
<Subcategory>Government Buildings</Subcategory>
<HasLawOrRestriction>P</HasLawOrRestriction>
<HasLawOrRestrictionDescription>Smoking prohibited</HasLawOrRestrictionDescription>
<Citation>D.C. CODE ANN. tit. 7 §§ 7-741.01 to 7-741.07 (2017).</Citation>
<Description>Smoking is prohibited in &quot;places of employment,&quot; which includes places of public employment. &quot;Place of employment&quot; is defined as an enclosed area under the control of a public employer that employees normally frequent during the course of employment, including work areas, employee lounges, restrooms, conference rooms, classrooms, employee cafeterias and hallways.</Description>
<CategoryDisplayOrder>1</CategoryDisplayOrder>
<SubcategoryDisplayOrder>4</SubcategoryDisplayOrder>
<SubcategoryID>1271</SubcategoryID>
<CategoryID>1262</CategoryID>
<StateID>53</StateID>
</qryXMLSLATIDetail>
<qryXMLSLATIDetail>
<Name>District of Columbia</Name>
<Abbrev>DC</Abbrev>
<FipsCode>11</FipsCode>
<Category>Smoking Restrictions</Category>
<Subcategory>Private Workplaces</Subcategory>
<HasLawOrRestriction>P</HasLawOrRestriction>
<HasLawOrRestrictionDescription>Smoking prohibited</HasLawOrRestrictionDescription>
<Citation>D.C. CODE ANN. tit. 7 §§ 7-741.01 to 7-741.07 (2017).</Citation>
<Description>Smoking is prohibited in &quot;places of employment,&quot; which are defined as an enclosed area under the control of a public or private employer that employees normally frequent during the course of employment, including work areas, employee lounges, restrooms, conference rooms, classrooms, employee cafeterias, hallways and vehicles owned by a private employer, if the vehicle is used by more than one person, and excludes a private residence, unless it is used as a child care, adult day care or health care facility.</Description>
<CategoryDisplayOrder>1</CategoryDisplayOrder>
<SubcategoryDisplayOrder>5</SubcategoryDisplayOrder>
<SubcategoryID>1272</SubcategoryID>
<CategoryID>1262</CategoryID>
<StateID>53</StateID>
</qryXMLSLATIDetail>
<qryXMLSLATIDetail>
<Name>District of Columbia</Name>
<Abbrev>DC</Abbrev>
<FipsCode>11</FipsCode>
<Category>Smoking Restrictions</Category>
<Subcategory>Schools</Subcategory>
<HasLawOrRestriction>P</HasLawOrRestriction>
<HasLawOrRestrictionDescription>Smoking prohibited</HasLawOrRestrictionDescription>
<Citation>D.C. CODE ANN. tit. 7 §§ 7-741.01 to 7-741.07 (2017).</Citation>
<Description>Tobacco and tobacco products are prohibited in public school and public charter school buildings, grounds, parking lots, parking garages, playing fields, school buses and other vehicles, and at off-campus, school-sponsored events. For public charter school located in a mixed-use facility, the above shall apply only to the buildings, grounds, parking lots, garages, and fields under the control of the public charter school.
D.C. CODE ANN. § 38-826.05 (2011).

Smoking is prohibited in public places, the definition of which specifically includes educational facilities.</Description>
<CategoryDisplayOrder>1</CategoryDisplayOrder>
<SubcategoryDisplayOrder>6</SubcategoryDisplayOrder>
<SubcategoryID>1273</SubcategoryID>
<CategoryID>1262</CategoryID>
<StateID>53</StateID>
</qryXMLSLATIDetail>
<qryXMLSLATIDetail>
<Name>District of Columbia</Name>
<Abbrev>DC</Abbrev>
<FipsCode>11</FipsCode>
<Category>Smoking Restrictions</Category>
<Subcategory>Child Care Facilities</Subcategory>
<HasLawOrRestriction>P</HasLawOrRestriction>
<HasLawOrRestrictionDescription>Smoking prohibited</HasLawOrRestrictionDescription>
<Citation>D.C. CODE ANN. tit. 7 §§ 7-741.01 to 7-741.07 (2017).</Citation>
<Description>Smoking is prohibited in child care facilities. Child care and adult day care facilities in private residences are specifically included.</Description>
<CategoryDisplayOrder>1</CategoryDisplayOrder>
<SubcategoryDisplayOrder>7</SubcategoryDisplayOrder>
<SubcategoryID>1274</SubcategoryID>
<CategoryID>1262</CategoryID>
<StateID>53</StateID>
</qryXMLSLATIDetail>
<qryXMLSLATIDetail>
<Name>District of Columbia</Name>
<Abbrev>DC</Abbrev>
<FipsCode>11</FipsCode>
<Category>Smoking Restrictions</Category>
<Subcategory>Health Care Facilities</Subcategory>
<HasLawOrRestriction>P</HasLawOrRestriction>
<HasLawOrRestrictionDescription>Smoking prohibited</HasLawOrRestrictionDescription>
<Citation>D.C. CODE ANN. tit. 7 §§ 7-741.01 to 7-741.07 (2017).</Citation>
<Description>Smoking is prohibited in health care facilities. Health care facilities in private residences are specifically included in the language of the law. A medical treatment, research, or nonprofit institution where the activity of smoking is conducted for the purpose of medical research or is an integral part of a smoking cessation program is exempt.</Description>
<CategoryDisplayOrder>1</CategoryDisplayOrder>
<SubcategoryDisplayOrder>8</SubcategoryDisplayOrder>
<SubcategoryID>1275</SubcategoryID>
<CategoryID>1262</CategoryID>
<StateID>53</StateID>
</qryXMLSLATIDetail>
<qryXMLSLATIDetail>
<Name>District of Columbia</Name>
<Abbrev>DC</Abbrev>
<FipsCode>11</FipsCode>
<Category>Smoking Restrictions</Category>
<Subcategory>Restaurants</Subcategory>
<HasLawOrRestriction>P</HasLawOrRestriction>
<HasLawOrRestrictionDescription>Smoking prohibited</HasLawOrRestrictionDescription>
<Citation>D.C. CODE ANN. tit. 7 §§ 7-741.01 to 7-741.07 (2017).</Citation>
<Description>Smoking is prohibited in public places, the definition of which specifically includes restaurants.</Description>
<CategoryDisplayOrder>1</CategoryDisplayOrder>
<SubcategoryDisplayOrder>9</SubcategoryDisplayOrder>
<SubcategoryID>1276</SubcategoryID>
<CategoryID>1262</CategoryID>
<StateID>53</StateID>
</qryXMLSLATIDetail>
<qryXMLSLATIDetail>
<Name>District of Columbia</Name>
<Abbrev>DC</Abbrev>
<FipsCode>11</FipsCode>
<Category>Smoking Restrictions</Category>
<Subcategory>Bars</Subcategory>
<HasLawOrRestriction>P</HasLawOrRestriction>
<HasLawOrRestrictionDescription>Smoking prohibited</HasLawOrRestrictionDescription>
<Citation>D.C. CODE ANN. tit. 7 §§ 7-741.01 to 7-741.07 (2017).</Citation>
<Description>Smoking is prohibited in &quot;public places&quot; the definition of which specifically includes nightclubs and taverns as well as any other place where the public is invited or permitted. &quot;Tobacco bars,&quot; which are defined as restaurants, taverns, brew pubs, clubs or nightclubs that generate 10 percent or more of their total annual revenue from the on-site sale of tobacco products, excluding sales from vending machines, or the rental of on-site humidors and outdoor areas of any of these types of establishments are permanently exempted.</Description>
<CategoryDisplayOrder>1</CategoryDisplayOrder>
<SubcategoryDisplayOrder>10</SubcategoryDisplayOrder>
<SubcategoryID>1277</SubcategoryID>
<CategoryID>1262</CategoryID>
<StateID>53</StateID>
</qryXMLSLATIDetail>
<qryXMLSLATIDetail>
<Name>District of Columbia</Name>
<Abbrev>DC</Abbrev>
<FipsCode>11</FipsCode>
<Category>Smoking Restrictions</Category>
<Subcategory>Other State Smoking Restrictions and Provisions</Subcategory>
<HasLawOrRestriction>Y</HasLawOrRestriction>
<HasLawOrRestrictionDescription>Yes, has a law or restriction</HasLawOrRestrictionDescription>
<Citation>D.C. CODE ANN. §§ 7-1701 to 7-1710 (2017).</Citation>
<Description>Economic Hardship Waiver from Smoking Restrictions for Public Places and Workplaces:
The Mayor may grant an economic hardship waiver from the requirements of the above law; provided, that prior to the granting of a waiver, the applicant establishes, to the satisfaction of the Mayor, that compliance with the requirements has caused or will cause undue financial hardship. An economic hardship waiver shall be based on regulations to be issued by the Mayor. Public places and places of employment who receive an economic hardship waiver shall have been in existence on or before January 1, 2007; not permit smoking in an area that exceeds 25 percent of the total area if the place of employment or public place is a restaurant; and be subject to conditions or restrictions as may be necessary to minimize the adverse effects of smoking.
D.C. CODE ANN. § 7-745 (2006).

Smoking Restrictions Outside Buildings:
A property owner or ground-floor commercial tenant has the authority to post signs on their property stating that smoking is not permitted on public space within a specified distance from and abutting the building wall. That distance shall not be greater than 25 feet or the distance to the far side of the adjacent public sidewalk, if any, whichever is less. Signs will not apply to sidewalk cafes unless the sign has been posted by, or with the consent of, the owner or operator of the sidewalk café. No specific penalties mentioned for violation.
D.C. CODE ANN. § 7-1701, sect. 4c (2010).

Tobacco Use Prohibited at Event Sites for Organized Sporting Events:
The use of tobacco products shall be prohibited at event sites for organized sporting events at all times, regardless of their present use. &quot;Organized sporting events&quot; means games or athletic competitions related to baseball, softball, football, basketball, ice hockey, field hockey, track and field, wrestling, boxing, lacrosse, or soccer, or any other event involving a game or athletic competition organized by a league or association of persons, including a professional, amateur, youth recreational, or school-sponsored league. In any event site for organized sporting events, the owner, lessee, manager, operator, or person in charge of the event site shall post or cause to be posted signs that read, &quot;No Use of Tobacco Products&quot; as specified, and ask persons observed using tobacco products to refrain from doing so. Violations are subject to civil fines as specified.</Description>
<CategoryDisplayOrder>1</CategoryDisplayOrder>
<SubcategoryDisplayOrder>17</SubcategoryDisplayOrder>
<SubcategoryID>1283</SubcategoryID>
<CategoryID>1262</CategoryID>
<StateID>53</StateID>
</qryXMLSLATIDetail>
<qryXMLSLATIDetail>
<Name>District of Columbia</Name>
<Abbrev>DC</Abbrev>
<FipsCode>11</FipsCode>
<Category>Smoking Restrictions</Category>
<Subcategory>Penalties/Enforcement</Subcategory>
<HasLawOrRestriction>Y</HasLawOrRestriction>
<HasLawOrRestrictionDescription>Yes, has a law or restriction</HasLawOrRestrictionDescription>
<Citation>D.C. CODE ANN. tit. 7 §§ 7-741.01 to 7-741.07 &amp; 7-1704 (2017).</Citation>
<Description>In any place, elevator or vehicle in which smoking is prohibited, the owner, manager, or person in charge of the place shall post or cause to be posted specified warning signs. Signs shall be visible to the public at the entrance to the area and on the interior of the area in sufficient number in a manner that gives notice to the public of the applicable law. Smoking in a prohibited area is subject to a fine of $100 to $1,000 for a first offense, and $200 to $1,000 for subsequent offenses. Obscuring, removing, defacing, mutilating or destroying any posted sign is subject to a fine of $500. Failing to post or maintain the required warning signs and failing to notify a person observed to be smoking to stop the activity shall be punishable by a fine of $500; each day the violation continues is a separate offense. The D.C. Department of Health is the designated enforcement agency.</Description>
<CategoryDisplayOrder>1</CategoryDisplayOrder>
<SubcategoryDisplayOrder>18</SubcategoryDisplayOrder>
<SubcategoryID>1284</SubcategoryID>
<CategoryID>1262</CategoryID>
<StateID>53</StateID>
</qryXMLSLATIDetail>
<qryXMLSLATIDetail>
<Name>District of Columbia</Name>
<Abbrev>DC</Abbrev>
<FipsCode>11</FipsCode>
<Category>Tobacco Taxes</Category>
<Subcategory>Tax on Cigarettes</Subcategory>
<HasLawOrRestriction>Y</HasLawOrRestriction>
<HasLawOrRestrictionDescription>Yes, has a law or restriction</HasLawOrRestrictionDescription>
<Citation>D.C. CODE ANN. § 47-2402(a) (2018).</Citation>
<Description>Tax rate per pack of 20: $4.50
Date last changed: October 1, 2018 -- from $2.50 to $4.50
Year first enacted: 1949</Description>
<NumericValue>4.5</NumericValue>
<NumericValueLabel>Rate Per Pack</NumericValueLabel>
<CategoryDisplayOrder>2</CategoryDisplayOrder>
<SubcategoryDisplayOrder>1</SubcategoryDisplayOrder>
<SubcategoryID>1286</SubcategoryID>
<CategoryID>1285</CategoryID>
<StateID>53</StateID>
</qryXMLSLATIDetail>
<qryXMLSLATIDetail>
<Name>District of Columbia</Name>
<Abbrev>DC</Abbrev>
<FipsCode>11</FipsCode>
<Category>Tobacco Taxes</Category>
<Subcategory>Use of Cigarette Tax Revenue - Summary</Subcategory>
<HasLawOrRestriction>Y</HasLawOrRestriction>
<HasLawOrRestrictionDescription>Yes, has a law or restriction</HasLawOrRestrictionDescription>
<Citation>D.C. CODE ANN. § 47-2402(l)(1) (2015).</Citation>
<Description>Cigarette tax revenue can be dedicated by appropriation to a Smoking Cessation Fund for smoking cessation efforts. The remainder of the revenue goes to the city general fund.</Description>
<Year>2012</Year>
<YearLabel>Revenue Year</YearLabel>
<NumericValue>33465000</NumericValue>
<NumericValueLabel>Revenue Collected</NumericValueLabel>
<CategoryDisplayOrder>2</CategoryDisplayOrder>
<SubcategoryDisplayOrder>4</SubcategoryDisplayOrder>
<SubcategoryID>1287</SubcategoryID>
<CategoryID>1285</CategoryID>
<StateID>53</StateID>
</qryXMLSLATIDetail>
<qryXMLSLATIDetail>
<Name>District of Columbia</Name>
<Abbrev>DC</Abbrev>
<FipsCode>11</FipsCode>
<Category>Tobacco Taxes</Category>
<Subcategory>Taxes on Other Tobacco Products</Subcategory>
<HasLawOrRestriction>Y</HasLawOrRestriction>
<HasLawOrRestrictionDescription>Yes, has a law or restriction</HasLawOrRestrictionDescription>
<Citation>D.C. CODE ANN. § 47-2402.01 (2015).</Citation>
<Description>Little Cigars (weighing less than 4 lbs./thousand): 22.5 cents per little cigar;
Other Tobacco Products (including vapor products but excluding premium cigars): 96% of the average wholesale price (changes annually).
D.C. CODE ANN. §§ 47-2401 (2015), 47-2402 (2018) &amp; 47-2402.01 (2015).

The tax rate for other tobacco products shall be equal to the cigarette tax and surtax under section 47-2402(a)(1)(2) DC Code on a pack of 20 cigarettes, expressed as a percentage of the average wholesale price. Beginning as of March 31, 2015, and on March 31 of each year thereafter, the Mayor shall reevaluate the percentage calculation above and shall recompute the tax rate on other tobacco products to equal the cigarette tax and surtax. The Mayor shall provide notice of any change in the tax rate for other tobacco products on or before September 1 of that year, and the change shall be effective as of the following October 1.</Description>
<CategoryDisplayOrder>2</CategoryDisplayOrder>
<SubcategoryDisplayOrder>6</SubcategoryDisplayOrder>
<SubcategoryID>1289</SubcategoryID>
<CategoryID>1285</CategoryID>
<StateID>53</StateID>
</qryXMLSLATIDetail>
<qryXMLSLATIDetail>
<Name>District of Columbia</Name>
<Abbrev>DC</Abbrev>
<FipsCode>11</FipsCode>
<Category>Tobacco Taxes</Category>
<Subcategory>Use of Other Tobacco Products Tax Revenue - Summary</Subcategory>
<HasLawOrRestriction>Y</HasLawOrRestriction>
<HasLawOrRestrictionDescription>Yes, has a law or restriction</HasLawOrRestrictionDescription>
<Citation>D.C. CODE ANN. §§ 47-2402 &amp; 47-2402.01 (2015).</Citation>
<Description>All revenue from the tax on little cigars is distributed in the same way as cigarette tax revenue. All revenue from the tax on other tobacco products goes to the city general fund.</Description>
<CategoryDisplayOrder>2</CategoryDisplayOrder>
<SubcategoryDisplayOrder>7</SubcategoryDisplayOrder>
<SubcategoryID>1290</SubcategoryID>
<CategoryID>1285</CategoryID>
<StateID>53</StateID>
</qryXMLSLATIDetail>
<qryXMLSLATIDetail>
<Name>District of Columbia</Name>
<Abbrev>DC</Abbrev>
<FipsCode>11</FipsCode>
<Category>Laws Restricting Youth Access to Tobacco Products</Category>
<Subcategory>Compliance/Enforcement</Subcategory>
<HasLawOrRestriction>N</HasLawOrRestriction>
<HasLawOrRestrictionDescription>No law, policy or restriction</HasLawOrRestrictionDescription>
<Description>No provisions in city law.</Description>
<CategoryDisplayOrder>5</CategoryDisplayOrder>
<SubcategoryDisplayOrder>3</SubcategoryDisplayOrder>
<SubcategoryID>1295</SubcategoryID>
<CategoryID>1294</CategoryID>
<StateID>53</StateID>
</qryXMLSLATIDetail>
<qryXMLSLATIDetail>
<Name>District of Columbia</Name>
<Abbrev>DC</Abbrev>
<FipsCode>11</FipsCode>
<Category>Laws Restricting Youth Access to Tobacco Products</Category>
<Subcategory>Penalties for Sales to Minors</Subcategory>
<HasLawOrRestriction>Y</HasLawOrRestriction>
<HasLawOrRestrictionDescription>Yes, has a law or restriction</HasLawOrRestrictionDescription>
<Citation>D.C. CODE ANN. § 7-1721.02 (2018).</Citation>
<Description>No person shall sell, give, or furnish any tobacco product to, or purchase any tobacco product on behalf of, any person under 21 years of age. Violation is a misdemeanor punishable by a fine of between $100 and $500, and/or imprisonment for not more than 30 days for the first offense. A person who commits subsequent violations shall be fined $500 to $1,000, imprisoned for not more than 90 days, or both. Any license to sell cigarettes may be suspended for the first or second violation, and shall be revoked for a third violation. Civil fines, penalties, and fees may be imposed as alternative sanctions for any infraction as well. It shall be an affirmative defense to a violation that, at the time of the relevant sale, the person who attempted to purchase the product was 21 years of age or older, or presented identification to the seller that a reasonably prudent person would believe to be valid under the same or similar circumstances.</Description>
<CategoryDisplayOrder>5</CategoryDisplayOrder>
<SubcategoryDisplayOrder>4</SubcategoryDisplayOrder>
<SubcategoryID>1296</SubcategoryID>
<CategoryID>1294</CategoryID>
<StateID>53</StateID>
</qryXMLSLATIDetail>
<qryXMLSLATIDetail>
<Name>District of Columbia</Name>
<Abbrev>DC</Abbrev>
<FipsCode>11</FipsCode>
<Category>Laws Restricting Youth Access to Tobacco Products</Category>
<Subcategory>Sign Posting Requirements</Subcategory>
<HasLawOrRestriction>Y</HasLawOrRestriction>
<HasLawOrRestrictionDescription>Yes, has a law or restriction</HasLawOrRestrictionDescription>
<Citation>D.C. CODE ANN. § 7-1721.02(e) (2018).</Citation>
<Description>The owner or person in charge of a place of business that sells tobacco products shall post a warning sign that states: &quot;No tobacco product will be sold to any person under 21 years of age. Sales clerks will ask for proof of age from any person seeking to purchase any tobacco product who appears to be under 30 years of age.&quot; The sign shall clearly state the maximum fine for a violation of this section. The sign shall be visible to the public at the entrance to the area and on the interior of the area in sufficient number to give notice of the law to the public.</Description>
<CategoryDisplayOrder>5</CategoryDisplayOrder>
<SubcategoryDisplayOrder>5</SubcategoryDisplayOrder>
<SubcategoryID>1297</SubcategoryID>
<CategoryID>1294</CategoryID>
<StateID>53</StateID>
</qryXMLSLATIDetail>
<qryXMLSLATIDetail>
<Name>District of Columbia</Name>
<Abbrev>DC</Abbrev>
<FipsCode>11</FipsCode>
<Category>Laws Restricting Youth Access to Tobacco Products</Category>
<Subcategory>Purchase/Possession of Tobacco Products by Minors</Subcategory>
<HasLawOrRestriction>Y</HasLawOrRestriction>
<HasLawOrRestrictionDescription>Yes, has a law or restriction</HasLawOrRestrictionDescription>
<Citation>D.C. CODE ANN. § 7-1721.03 (2018).</Citation>
<Description>No person under 21 years of age shall purchase, attempt to purchase, possess or attempt to possess any cigarette or other tobacco product. No person under 21 years of age shall falsely represent their age, or possess or present as proof of age an identification document which is in any way fraudulent, for the purpose of purchasing, possessing, or consuming cigarettes or other tobacco products. This does apply to persons under 21 handling or transporting cigarettes or other tobacco product under the terms of their employment. Persons under 21 that purchase or possess cigarettes or other tobacco products are subject to a civil penalty of $25. Persons under 21 that falsely represent their age or use a false identification document are subject to a civil penalty of $100 for a first offense, $200 for a second offense; and $300 for a third and subsequent offense. The mayor may issue rules increasing the amounts of these fines.</Description>
<CategoryDisplayOrder>5</CategoryDisplayOrder>
<SubcategoryDisplayOrder>8</SubcategoryDisplayOrder>
<SubcategoryID>1299</SubcategoryID>
<CategoryID>1294</CategoryID>
<StateID>53</StateID>
</qryXMLSLATIDetail>
<qryXMLSLATIDetail>
<Name>District of Columbia</Name>
<Abbrev>DC</Abbrev>
<FipsCode>11</FipsCode>
<Category>Laws Restricting Youth Access to Tobacco Products</Category>
<Subcategory>Placement of Tobacco Products</Subcategory>
<HasLawOrRestriction>Y</HasLawOrRestriction>
<HasLawOrRestrictionDescription>Yes, has a law or restriction</HasLawOrRestrictionDescription>
<Citation>D.C. CODE ANN. §§ 7-1721.04 (2018).</Citation>
<Description>No person shall sell or distribute cigarettes or other tobacco products, except cigars, through a self-service display as defined. This does not apply to vending machines that sell tobacco products as allowed under existing DC law and self-service displays in tobacco specialty stores that make 75 percent or more of their sales from tobacco products and accessories. Violation is a misdemeanor punishable by a fine of between $100 and $500, and/or imprisonment for not more than 30 days for the first offense. A person who commits subsequent violations shall be fined $500 to $1,000 and/or imprisoned for not more than 90 days. Civil fines, penalties, and fees may be imposed as alternative sanctions for any infraction.</Description>
<CategoryDisplayOrder>5</CategoryDisplayOrder>
<SubcategoryDisplayOrder>9</SubcategoryDisplayOrder>
<SubcategoryID>1300</SubcategoryID>
<CategoryID>1294</CategoryID>
<StateID>53</StateID>
</qryXMLSLATIDetail>
<qryXMLSLATIDetail>
<Name>District of Columbia</Name>
<Abbrev>DC</Abbrev>
<FipsCode>11</FipsCode>
<Category>Laws Restricting Youth Access to Tobacco Products</Category>
<Subcategory>Internet Sales of Tobacco Products</Subcategory>
<HasLawOrRestriction>N</HasLawOrRestriction>
<HasLawOrRestrictionDescription>No law, policy or restriction</HasLawOrRestrictionDescription>
<Description>No city law/regulation.</Description>
<CategoryDisplayOrder>5</CategoryDisplayOrder>
<SubcategoryDisplayOrder>10</SubcategoryDisplayOrder>
<SubcategoryID>1301</SubcategoryID>
<CategoryID>1294</CategoryID>
<StateID>53</StateID>
</qryXMLSLATIDetail>
<qryXMLSLATIDetail>
<Name>District of Columbia</Name>
<Abbrev>DC</Abbrev>
<FipsCode>11</FipsCode>
<Category>Laws Restricting Youth Access to Tobacco Products</Category>
<Subcategory>Other Youth Access Laws and Provisions</Subcategory>
<HasLawOrRestriction>Y</HasLawOrRestriction>
<HasLawOrRestrictionDescription>Yes, has a law or restriction</HasLawOrRestrictionDescription>
<Citation>D.C. CODE ANN. §§ 7-1721.06 &amp; 7-1721.07 (2010).</Citation>
<Description>No cigarette or other tobacco product shall be sold to individual customers from mobile vending motor vehicles and trailers that sell retail food products ready for immediate consumption, except cigarettes may be sold at hotdog stands and construction site food wagons by vendors who are licensed pursuant to D.C. Official Code section 47-2404. No single cigar containing reconstituted tobacco products shall be sold to individual customers at convenience stores and gas stations. Violation is a misdemeanor punishable by a fine of between $100 and $500, and/or imprisonment for not more than 30 days for the first offense.  A person who commits subsequent violations shall be fined $500 to $1,000 and/or imprisoned for not more than 90 days. Civil fines, penalties, and fees may be imposed as alternative sanctions for any infraction.</Description>
<CategoryDisplayOrder>5</CategoryDisplayOrder>
<SubcategoryDisplayOrder>12</SubcategoryDisplayOrder>
<SubcategoryID>1302</SubcategoryID>
<CategoryID>1294</CategoryID>
<StateID>53</StateID>
</qryXMLSLATIDetail>
<qryXMLSLATIDetail>
<Name>District of Columbia</Name>
<Abbrev>DC</Abbrev>
<FipsCode>11</FipsCode>
<Category>Laws Restricting Youth Access to Tobacco Products</Category>
<Subcategory>State Preemption of Local Youth Access Laws</Subcategory>
<HasLawOrRestriction>N</HasLawOrRestriction>
<HasLawOrRestrictionDescription>No law, policy or restriction</HasLawOrRestrictionDescription>
<Description>Laws were approved by the District of Columbia city council/mayor, and there is no lawmaking body beneath the council/mayor.</Description>
<CategoryDisplayOrder>5</CategoryDisplayOrder>
<SubcategoryDisplayOrder>13</SubcategoryDisplayOrder>
<SubcategoryID>1303</SubcategoryID>
<CategoryID>1294</CategoryID>
<StateID>53</StateID>
</qryXMLSLATIDetail>
<qryXMLSLATIDetail>
<Name>District of Columbia</Name>
<Abbrev>DC</Abbrev>
<FipsCode>11</FipsCode>
<Category>Tobacco Product Samples/Minimum Sales Amounts for Tobacco Products</Category>
<Subcategory>Tobacco Product Samples</Subcategory>
<HasLawOrRestriction>Y</HasLawOrRestriction>
<HasLawOrRestrictionDescription>Yes, has a law or restriction</HasLawOrRestrictionDescription>
<Citation>D.C. CODE ANN. § 7-1731 (2018).</Citation>
<Description>No person, agent, or employee of any person shall, in the course of doing business, distribute any free tobacco product to any person on any public street, public sidewalk, public park, playground, in a public building, other public property, or private property open to the public, except that free cigarettes or other tobacco products may be distributed at a tobacco store, a convention, or a conference catering to adults; provided that no tobacco product shall be distributed to a person under 21 years of age. Violators will be fined not less than $250 per violation.</Description>
<CategoryDisplayOrder>6</CategoryDisplayOrder>
<SubcategoryDisplayOrder>1</SubcategoryDisplayOrder>
<SubcategoryID>1305</SubcategoryID>
<CategoryID>1304</CategoryID>
<StateID>53</StateID>
</qryXMLSLATIDetail>
<qryXMLSLATIDetail>
<Name>District of Columbia</Name>
<Abbrev>DC</Abbrev>
<FipsCode>11</FipsCode>
<Category>Tobacco Product Samples/Minimum Sales Amounts for Tobacco Products</Category>
<Subcategory>Minimum Tobacco Products Sales Amounts</Subcategory>
<HasLawOrRestriction>Y</HasLawOrRestriction>
<HasLawOrRestrictionDescription>Yes, has a law or restriction</HasLawOrRestrictionDescription>
<Citation>DC CODE ANN. §§ 47-2419 (2001) &amp; 47-2421 (2005).</Citation>
<Description>No person shall sell or distribute to any person within the District of Columbia any cigarettes except in packages containing no less than 20 cigarettes. This does not apply to tobacco specialty stores that make 75% or more of their sales from tobacco products and accessories. Violation is a misdemeanor punishable by a fine of between $100 and $500, and/or imprisonment for not more than 30 days for the first offense. A person who commits subsequent violations shall be fined $500 to $1,000 and/or imprisoned for not more than 90 days. Any license to sell cigarettes may also be suspended for the first or second violation, and shall be revoked for a third violation. Civil fines, penalties, and fees may be imposed as alternative sanctions for any infraction
DC CODE ANN. §§ 7-1721.05 (2018).

Cigarettes may not be sold in numbers less than the number contained in the original package. The sale of loose cigarettes from opened or original packages is prohibited. Violation is subject to a fine of 500 percent of the retail value of the cigarettes involved or $5,000, whichever is greater.
D.C. MUN. REGS. Tit. 9, § 1016 (2000).

No person shall sell or distribute in the District any cigarettes the package of which does not comply with all requirements imposed by or under federal law regarding warnings and other information on packages of cigarettes manufactured, packaged, or imported for sale, distribution, or use in the United States, including the precise warning labels specified in section Four of the Federal Cigarette Labeling and Advertising Act. Violation is subject to a fine of up to $5,000 and/or up to three years in prison.</Description>
<CategoryDisplayOrder>6</CategoryDisplayOrder>
<SubcategoryDisplayOrder>2</SubcategoryDisplayOrder>
<SubcategoryID>1306</SubcategoryID>
<CategoryID>1304</CategoryID>
<StateID>53</StateID>
</qryXMLSLATIDetail>
<qryXMLSLATIDetail>
<Name>District of Columbia</Name>
<Abbrev>DC</Abbrev>
<FipsCode>11</FipsCode>
<Category>Tobacco Product Samples/Minimum Sales Amounts for Tobacco Products</Category>
<Subcategory>State Preemption of Local Samples Laws</Subcategory>
<HasLawOrRestriction>N</HasLawOrRestriction>
<HasLawOrRestrictionDescription>No law, policy or restriction</HasLawOrRestrictionDescription>
<Description>Laws were approved by the District of Columbia city council/mayor, and there is no lawmaking body beneath the council/mayor.</Description>
<CategoryDisplayOrder>6</CategoryDisplayOrder>
<SubcategoryDisplayOrder>3</SubcategoryDisplayOrder>
<SubcategoryID>1307</SubcategoryID>
<CategoryID>1304</CategoryID>
<StateID>53</StateID>
</qryXMLSLATIDetail>
<qryXMLSLATIDetail>
<Name>District of Columbia</Name>
<Abbrev>DC</Abbrev>
<FipsCode>11</FipsCode>
<Category>Sales of Tobacco Products from Vending Machines</Category>
<Subcategory>Vending Machine Placement</Subcategory>
<HasLawOrRestriction>Y</HasLawOrRestriction>
<HasLawOrRestrictionDescription>Yes, has a law or restriction</HasLawOrRestrictionDescription>
<Citation>D.C. CODE ANN. § 47-2404(b)(3) (2018).</Citation>
<Description>Cigarette or other tobacco product vending machines are restricted to licensed taverns or nightclubs, establishments that restrict admittance to persons less than 21 years of age or a licensed restaurant. These vending machines shall be located in an area that is in the immediate vicinity, plain view and control of a responsible employee, so that any tobacco purchase is readily observable by an employee. These vending machines can also not contain any non-tobacco product other than matches.</Description>
<CategoryDisplayOrder>7</CategoryDisplayOrder>
<SubcategoryDisplayOrder>1</SubcategoryDisplayOrder>
<SubcategoryID>1308</SubcategoryID>
<CategoryID>1309</CategoryID>
<StateID>53</StateID>
</qryXMLSLATIDetail>
<qryXMLSLATIDetail>
<Name>District of Columbia</Name>
<Abbrev>DC</Abbrev>
<FipsCode>11</FipsCode>
<Category>Sales of Tobacco Products from Vending Machines</Category>
<Subcategory>Penalties for Vending Machine Violations</Subcategory>
<HasLawOrRestriction>Y</HasLawOrRestriction>
<HasLawOrRestrictionDescription>Yes, has a law or restriction</HasLawOrRestrictionDescription>
<Citation>D.C. CODE ANN. § 47-2404(f) (2003).</Citation>
<Description>Violation is subject to loss of the license to operate a vending machine.</Description>
<CategoryDisplayOrder>7</CategoryDisplayOrder>
<SubcategoryDisplayOrder>2</SubcategoryDisplayOrder>
<SubcategoryID>1310</SubcategoryID>
<CategoryID>1309</CategoryID>
<StateID>53</StateID>
</qryXMLSLATIDetail>
<qryXMLSLATIDetail>
<Name>District of Columbia</Name>
<Abbrev>DC</Abbrev>
<FipsCode>11</FipsCode>
<Category>Sales of Tobacco Products from Vending Machines</Category>
<Subcategory>Sign Posting Requirements for Vending Machines</Subcategory>
<HasLawOrRestriction>Y</HasLawOrRestriction>
<HasLawOrRestrictionDescription>Yes, has a law or restriction</HasLawOrRestrictionDescription>
<Description>All cigarette and other tobacco products vending machines shall display the warning sign required in retail establishments, see Sign Posting section.
D.C. CODE ANN. § 47-2404(b)(3)(D) (2010).</Description>
<CategoryDisplayOrder>7</CategoryDisplayOrder>
<SubcategoryDisplayOrder>3</SubcategoryDisplayOrder>
<SubcategoryID>1311</SubcategoryID>
<CategoryID>1309</CategoryID>
<StateID>53</StateID>
</qryXMLSLATIDetail>
<qryXMLSLATIDetail>
<Name>District of Columbia</Name>
<Abbrev>DC</Abbrev>
<FipsCode>11</FipsCode>
<Category>Sales of Tobacco Products from Vending Machines</Category>
<Subcategory>State Preemption of Local Vending Machine Laws</Subcategory>
<HasLawOrRestriction>N</HasLawOrRestriction>
<HasLawOrRestrictionDescription>No law, policy or restriction</HasLawOrRestrictionDescription>
<Description>Laws were approved by the District of Columbia city council/mayor, and there is no lawmaking body beneath the council/mayor.</Description>
<CategoryDisplayOrder>7</CategoryDisplayOrder>
<SubcategoryDisplayOrder>4</SubcategoryDisplayOrder>
<SubcategoryID>1312</SubcategoryID>
<CategoryID>1309</CategoryID>
<StateID>53</StateID>
</qryXMLSLATIDetail>
<qryXMLSLATIDetail>
<Name>District of Columbia</Name>
<Abbrev>DC</Abbrev>
<FipsCode>11</FipsCode>
<Category>Licensing Requirements for Tobacco Products</Category>
<Subcategory>Overall Summary of Licensing Requirements</Subcategory>
<HasLawOrRestriction>Y</HasLawOrRestriction>
<HasLawOrRestrictionDescription>Yes, has a law or restriction</HasLawOrRestrictionDescription>
<Citation>D.C. CODE ANN. §§ 47-2401 &amp; 47-2404 (2018).</Citation>
<Description>Cigarette and other tobacco product (except premium cigar) wholesalers, retailers, and vending machine operators must obtain a license from the Mayor. The definition of other tobacco products includes vapor products as defined. Licenses must be renewed at least annually unless suspended or revoked. Licenses are required for each place of business and vending machine.</Description>
<CategoryDisplayOrder>8</CategoryDisplayOrder>
<SubcategoryDisplayOrder>1</SubcategoryDisplayOrder>
<SubcategoryID>1314</SubcategoryID>
<CategoryID>1313</CategoryID>
<StateID>53</StateID>
</qryXMLSLATIDetail>
<qryXMLSLATIDetail>
<Name>District of Columbia</Name>
<Abbrev>DC</Abbrev>
<FipsCode>11</FipsCode>
<Category>Licensing Requirements for Tobacco Products</Category>
<Subcategory>License Fees</Subcategory>
<HasLawOrRestriction>Y</HasLawOrRestriction>
<HasLawOrRestrictionDescription>Yes, has a law or restriction</HasLawOrRestrictionDescription>
<Citation>D.C. CODE ANN. § 47-2404 (2018).</Citation>
<Description>Wholesaler&apos;s license: $50 annually; 
Retailer&apos;s license: $15 annually; 
Vending machine operators&apos; license: $15 for each machine.  
The mayor may adjust license fees by regulation.</Description>
<CategoryDisplayOrder>8</CategoryDisplayOrder>
<SubcategoryDisplayOrder>6</SubcategoryDisplayOrder>
<SubcategoryID>1315</SubcategoryID>
<CategoryID>1313</CategoryID>
<StateID>53</StateID>
</qryXMLSLATIDetail>
<qryXMLSLATIDetail>
<Name>District of Columbia</Name>
<Abbrev>DC</Abbrev>
<FipsCode>11</FipsCode>
<Category>Licensing Requirements for Tobacco Products</Category>
<Subcategory>License Suspension for Sales to Minors</Subcategory>
<HasLawOrRestriction>Y</HasLawOrRestriction>
<HasLawOrRestrictionDescription>Yes, has a law or restriction</HasLawOrRestrictionDescription>
<Citation>D.C. CODE ANN. § 7-1721.02 (2018).</Citation>
<Description>The Mayor may suspend any license issued under this law to any person convicted of a first or second violation of selling, giving or furnishing tobacco products to persons under age 21 and shall revoke the license for a third or subsequent offense.</Description>
<CategoryDisplayOrder>8</CategoryDisplayOrder>
<SubcategoryDisplayOrder>7</SubcategoryDisplayOrder>
<SubcategoryID>1316</SubcategoryID>
<CategoryID>1313</CategoryID>
<StateID>53</StateID>
</qryXMLSLATIDetail>
<qryXMLSLATIDetail>
<Name>District of Columbia</Name>
<Abbrev>DC</Abbrev>
<FipsCode>11</FipsCode>
<Category>Smoking Protection Laws</Category>
<Subcategory>Smoking Protection Law</Subcategory>
<HasLawOrRestriction>Y</HasLawOrRestriction>
<HasLawOrRestrictionDescription>Yes, has a law or restriction</HasLawOrRestrictionDescription>
<Citation>D.C. CODE ANN. § 7-1703.3 (1993).</Citation>
<Description>No person shall refuse to hire or employ any applicant for employment, or discharge or otherwise discriminate against any employee with respect to compensation or any other term, condition, or privilege of employment, on the basis of the use of tobacco products by the applicant or employee.  An employee or applicant for employment who is aggrieved by violation of this section shall have the right to a private cause of action against the person after exhausting all other options.  The person is entitled to recover any damages, including lost or back wages and salary.</Description>
<Year>1993</Year>
<YearLabel>Year Law Last Amended</YearLabel>
<CategoryDisplayOrder>9</CategoryDisplayOrder>
<SubcategoryDisplayOrder>1</SubcategoryDisplayOrder>
<SubcategoryID>1319</SubcategoryID>
<CategoryID>1318</CategoryID>
<StateID>53</StateID>
</qryXMLSLATIDetail>
<qryXMLSLATIDetail>
<Name>District of Columbia</Name>
<Abbrev>DC</Abbrev>
<FipsCode>11</FipsCode>
<Category>Advertising &amp; Promotion</Category>
<Subcategory>Advertising &amp; Promotion</Subcategory>
<HasLawOrRestriction>Y</HasLawOrRestriction>
<HasLawOrRestrictionDescription>Yes, has a law or restriction</HasLawOrRestrictionDescription>
<Description>The Washington Metropolitan Area Transit Authority, which runs the District of Columbia&apos;s subway and bus system, has prohibited tobacco and alcohol advertising on all system rail cars and buses.</Description>
<CategoryDisplayOrder>10</CategoryDisplayOrder>
<SubcategoryDisplayOrder>1</SubcategoryDisplayOrder>
<SubcategoryID>1321</SubcategoryID>
<CategoryID>1320</CategoryID>
<StateID>53</StateID>
</qryXMLSLATIDetail>
<qryXMLSLATIDetail>
<Name>District of Columbia</Name>
<Abbrev>DC</Abbrev>
<FipsCode>11</FipsCode>
<Category>Product Disclosure</Category>
<Subcategory>Product Disclosure</Subcategory>
<HasLawOrRestriction>N</HasLawOrRestriction>
<HasLawOrRestrictionDescription>No law, policy or restriction</HasLawOrRestrictionDescription>
<Description>No city law/regulation.</Description>
<CategoryDisplayOrder>11</CategoryDisplayOrder>
<SubcategoryDisplayOrder>1</SubcategoryDisplayOrder>
<SubcategoryID>1323</SubcategoryID>
<CategoryID>1322</CategoryID>
<StateID>53</StateID>
</qryXMLSLATIDetail>
<qryXMLSLATIDetail>
<Name>District of Columbia</Name>
<Abbrev>DC</Abbrev>
<FipsCode>11</FipsCode>
<Category>Liability</Category>
<Subcategory>Tobacco Industry Liability</Subcategory>
<HasLawOrRestriction>N</HasLawOrRestriction>
<HasLawOrRestrictionDescription>No law, policy or restriction</HasLawOrRestrictionDescription>
<Description>No city law/regulation.</Description>
<CategoryDisplayOrder>13</CategoryDisplayOrder>
<SubcategoryDisplayOrder>1</SubcategoryDisplayOrder>
<SubcategoryID>1325</SubcategoryID>
<CategoryID>1324</CategoryID>
<StateID>53</StateID>
</qryXMLSLATIDetail>
<qryXMLSLATIDetail>
<Name>District of Columbia</Name>
<Abbrev>DC</Abbrev>
<FipsCode>11</FipsCode>
<Category>Use of Tobacco Settlement Dollars</Category>
<Subcategory>Use of Tobacco Settlement Dollars - Summary</Subcategory>
<HasLawOrRestriction>Y</HasLawOrRestriction>
<HasLawOrRestrictionDescription>Yes, has a law or restriction</HasLawOrRestrictionDescription>
<Description>The District of Columbia has sold the rights to almost all of the annual payments it was supposed to receive from the Master Settlement Agreement (MSA) to a Tobacco Settlement Financing Corporation for lump sum payments up front, see Securitization section below for more details.  A portion of the money from one of the lump sum payments was put into a Community Health Care Financing Fund, and some money has been allocated from that fund for city tobacco prevention programs in previous years.</Description>
<Year>2012</Year>
<YearLabel>Year</YearLabel>
<NumericValue>38300000</NumericValue>
<NumericValueLabel>Amount Received</NumericValueLabel>
<CategoryDisplayOrder>14</CategoryDisplayOrder>
<SubcategoryDisplayOrder>1</SubcategoryDisplayOrder>
<SubcategoryID>1327</SubcategoryID>
<CategoryID>1326</CategoryID>
<StateID>53</StateID>
</qryXMLSLATIDetail>
<qryXMLSLATIDetail>
<Name>District of Columbia</Name>
<Abbrev>DC</Abbrev>
<FipsCode>11</FipsCode>
<Category>Use of Tobacco Settlement Dollars</Category>
<Subcategory>Use of Tobacco Settlement Dollars - Detailed Information</Subcategory>
<HasLawOrRestriction>Y</HasLawOrRestriction>
<HasLawOrRestrictionDescription>Yes, has a law or restriction</HasLawOrRestrictionDescription>
<Citation>D.C. CODE ANN. §§ 7-1931 &amp; 1932 (2007).</Citation>
<Description>A Community Health Care Financing Fund was established within the city general fund where proceeds from the 2006 sale of future MSA payments and other revenue as specified was deposited.  Money in the fund shall be used to directly pay to promote health care and for the delivery of health care related services in the District, including the construction of health care facilities and the operation of health care related programs.  The monies were then allocated for a number of specific purposes, including a three-year tobacco prevention and cessation program called the DC Tobacco-Free Families Campaign. That program is no longer operating due to loss of funding, but additional money has been allocated from the fund for tobacco control programs/initiatives.  See law cited below for more details.</Description>
<CategoryDisplayOrder>14</CategoryDisplayOrder>
<SubcategoryDisplayOrder>2</SubcategoryDisplayOrder>
<SubcategoryID>1328</SubcategoryID>
<CategoryID>1326</CategoryID>
<StateID>53</StateID>
</qryXMLSLATIDetail>
<qryXMLSLATIDetail>
<Name>District of Columbia</Name>
<Abbrev>DC</Abbrev>
<FipsCode>11</FipsCode>
<Category>Tobacco Control Program Funding</Category>
<Subcategory>Source of funding</Subcategory>
<HasLawOrRestriction>Y</HasLawOrRestriction>
<HasLawOrRestrictionDescription>Yes, has a law or restriction</HasLawOrRestrictionDescription>
<Description>City funding for the District of Columbia&apos;s tobacco control program comes from city general fund dollars.</Description>
<CategoryDisplayOrder>3</CategoryDisplayOrder>
<SubcategoryDisplayOrder>7</SubcategoryDisplayOrder>
<SubcategoryID>1337</SubcategoryID>
<CategoryID>1331</CategoryID>
<StateID>53</StateID>
</qryXMLSLATIDetail>
<qryXMLSLATIDetail>
<Name>District of Columbia</Name>
<Abbrev>DC</Abbrev>
<FipsCode>11</FipsCode>
<Category>Tobacco Control Program Funding</Category>
<Subcategory>State Funding Details</Subcategory>
<HasLawOrRestriction>Y</HasLawOrRestriction>
<HasLawOrRestrictionDescription>Yes, has a law or restriction</HasLawOrRestrictionDescription>
<Citation>FY2018 Local Budget Act of 2017 (B22-242) passed by the City Council 6/13/17, signed by mayor 7/10/17, passed U.S. Congressional Review Period 8/29/17 and effective 10/1/17.</Citation>
<Description>The District of Columbia allocated $931,585 to tobacco prevention and cessation programs in FY2018 (October 1, 2017 to September 30, 2018). In FY2017, $1,000,000 was allocated.</Description>
<Year>2018</Year>
<YearLabel>Fiscal Year</YearLabel>
<NumericValue>931585</NumericValue>
<NumericValueLabel>Amount</NumericValueLabel>
<CategoryDisplayOrder>3</CategoryDisplayOrder>
<SubcategoryDisplayOrder>8</SubcategoryDisplayOrder>
<SubcategoryID>1338</SubcategoryID>
<CategoryID>1331</CategoryID>
<StateID>53</StateID>
</qryXMLSLATIDetail>
<qryXMLSLATIDetail>
<Name>District of Columbia</Name>
<Abbrev>DC</Abbrev>
<FipsCode>11</FipsCode>
<Category>Fire Safety Standards for Cigarettes</Category>
<Subcategory>Law Setting Fire Safety Standard for Cigarettes</Subcategory>
<HasLawOrRestriction>Y</HasLawOrRestriction>
<HasLawOrRestrictionDescription>Yes, has a law or restriction</HasLawOrRestrictionDescription>
<Citation>D.C. CODE ANN. §§ 7-1751 to 7-1757 (2009).</Citation>
<Description>To help prevent cigarette-caused fires, no cigarette may be sold or offered for sale in the District of Columbia unless: 1) It has been tested in accordance with the test method and meets the performance standard specified in section 7-1753 District of Columbia Code; 2) the manufacturer has filed a written certification with the Mayor, or the Mayor&apos;s delegate, in accordance with section 7-1754 District of Columbia Code; and 3) it has been marked in accordance with subsection (b) of section 17-1754 District of Columbia Code.</Description>
<Year>2009</Year>
<YearLabel>Effective Year</YearLabel>
<CategoryDisplayOrder>15</CategoryDisplayOrder>
<SubcategoryDisplayOrder>1</SubcategoryDisplayOrder>
<SubcategoryID>1341</SubcategoryID>
<CategoryID>1340</CategoryID>
<StateID>53</StateID>
</qryXMLSLATIDetail>
<qryXMLSLATIDetail>
<Name>District of Columbia</Name>
<Abbrev>DC</Abbrev>
<FipsCode>11</FipsCode>
<Category>Fire Safety Standards for Cigarettes</Category>
<Subcategory>Penalties for Fire Safety Violations</Subcategory>
<HasLawOrRestriction>Y</HasLawOrRestriction>
<HasLawOrRestrictionDescription>Yes, has a law or restriction</HasLawOrRestrictionDescription>
<Citation>D.C. CODE ANN. §§ 7-1751 to 7-1757 (2009).</Citation>
<Description>A manufacturer or wholesale dealer, who knowingly fails to comply with any of the provisions of this act, or regulations promulgated pursuant to this act, shall be subject to a civil penalty not to exceed $10,000 for each violation, not to exceed $100,000 during any 30-day period.  A retail dealer, who knowingly fails to comply with any of the provisions of this act, or regulations promulgated pursuant to this act, shall be subject to a civil penalty not to exceed $5,000 for each violation, not to exceed $25,000 during any 30-day period.  Each day of violation shall constitute a separate violation and, unless provided otherwise by regulation, the prescribed penalty shall be applicable to each separate violation. In addition to any other penalty, any corporation, partnership, sole proprietor, limited partnership, or association engaged in the manufacture of cigarettes that knowingly makes a false certification shall be subject to a civil penalty of at least $75,000 and not to exceed $250,000 for each such false certification.</Description>
<CategoryDisplayOrder>15</CategoryDisplayOrder>
<SubcategoryDisplayOrder>2</SubcategoryDisplayOrder>
<SubcategoryID>1342</SubcategoryID>
<CategoryID>1340</CategoryID>
<StateID>53</StateID>
</qryXMLSLATIDetail>
<qryXMLSLATIDetail>
<Name>District of Columbia</Name>
<Abbrev>DC</Abbrev>
<FipsCode>11</FipsCode>
<Category>Laws Restricting Youth Access to Tobacco Products</Category>
<Subcategory>Photo Identification Requirements to Buy Tobacco Products</Subcategory>
<HasLawOrRestriction>Y</HasLawOrRestriction>
<HasLawOrRestrictionDescription>Yes, has a law or restriction</HasLawOrRestrictionDescription>
<Citation>D.C. CODE ANN. § 7-1721.02 (2018).</Citation>
<Description>Any person who sells any cigarette or other tobacco product that has reasonable cause to believe that a person that attempts to purchase the product is under 30 years of age shall require that the purchaser present identification that indicates their age. Violation is a misdemeanor punishable by the same penalties as for selling or furnishing cigarettes or other tobacco products to persons under age 21.</Description>
<CategoryDisplayOrder>5</CategoryDisplayOrder>
<SubcategoryDisplayOrder>7</SubcategoryDisplayOrder>
<SubcategoryID>1353</SubcategoryID>
<CategoryID>1294</CategoryID>
<StateID>53</StateID>
</qryXMLSLATIDetail>
<qryXMLSLATIDetail>
<Name>District of Columbia</Name>
<Abbrev>DC</Abbrev>
<FipsCode>11</FipsCode>
<Category>Licensing Requirements for Tobacco Products</Category>
<Subcategory>License Required for Retailers of Cigarettes</Subcategory>
<HasLawOrRestriction>Y</HasLawOrRestriction>
<HasLawOrRestrictionDescription>Yes, has a law or restriction</HasLawOrRestrictionDescription>
<Description>Yes</Description>
<CategoryDisplayOrder>8</CategoryDisplayOrder>
<SubcategoryDisplayOrder>2</SubcategoryDisplayOrder>
<SubcategoryID>1354</SubcategoryID>
<CategoryID>1313</CategoryID>
<StateID>53</StateID>
</qryXMLSLATIDetail>
<qryXMLSLATIDetail>
<Name>District of Columbia</Name>
<Abbrev>DC</Abbrev>
<FipsCode>11</FipsCode>
<Category>Licensing Requirements for Tobacco Products</Category>
<Subcategory>License Required for Retailers of Other Tobacco Products</Subcategory>
<HasLawOrRestriction>Y</HasLawOrRestriction>
<HasLawOrRestrictionDescription>Yes, has a law or restriction</HasLawOrRestrictionDescription>
<Description>Yes - except premium cigars as defined</Description>
<CategoryDisplayOrder>8</CategoryDisplayOrder>
<SubcategoryDisplayOrder>3</SubcategoryDisplayOrder>
<SubcategoryID>1355</SubcategoryID>
<CategoryID>1313</CategoryID>
<StateID>53</StateID>
</qryXMLSLATIDetail>
<qryXMLSLATIDetail>
<Name>District of Columbia</Name>
<Abbrev>DC</Abbrev>
<FipsCode>11</FipsCode>
<Category>Licensing Requirements for Tobacco Products</Category>
<Subcategory>License Required for Wholesalers/Distributors of Cigarettes</Subcategory>
<HasLawOrRestriction>Y</HasLawOrRestriction>
<HasLawOrRestrictionDescription>Yes, has a law or restriction</HasLawOrRestrictionDescription>
<Description>Yes</Description>
<CategoryDisplayOrder>8</CategoryDisplayOrder>
<SubcategoryDisplayOrder>4</SubcategoryDisplayOrder>
<SubcategoryID>1356</SubcategoryID>
<CategoryID>1313</CategoryID>
<StateID>53</StateID>
</qryXMLSLATIDetail>
<qryXMLSLATIDetail>
<Name>District of Columbia</Name>
<Abbrev>DC</Abbrev>
<FipsCode>11</FipsCode>
<Category>Licensing Requirements for Tobacco Products</Category>
<Subcategory>License Required for Wholesalers/Distributors of Other Tobacco Products</Subcategory>
<HasLawOrRestriction>Y</HasLawOrRestriction>
<HasLawOrRestrictionDescription>Yes, has a law or restriction</HasLawOrRestrictionDescription>
<Description>Yes - except premium cigars as defined</Description>
<CategoryDisplayOrder>8</CategoryDisplayOrder>
<SubcategoryDisplayOrder>5</SubcategoryDisplayOrder>
<SubcategoryID>1357</SubcategoryID>
<CategoryID>1313</CategoryID>
<StateID>53</StateID>
</qryXMLSLATIDetail>
<qryXMLSLATIDetail>
<Name>District of Columbia</Name>
<Abbrev>DC</Abbrev>
<FipsCode>11</FipsCode>
<Category>Divestment</Category>
<Subcategory>Divestment</Subcategory>
<HasLawOrRestriction>N</HasLawOrRestriction>
<HasLawOrRestrictionDescription>No law, policy or restriction</HasLawOrRestrictionDescription>
<Description>No city law/regulation.</Description>
<CategoryDisplayOrder>12</CategoryDisplayOrder>
<SubcategoryDisplayOrder>1</SubcategoryDisplayOrder>
<SubcategoryID>1359</SubcategoryID>
<CategoryID>1360</CategoryID>
<StateID>53</StateID>
</qryXMLSLATIDetail>
<qryXMLSLATIDetail>
<Name>District of Columbia</Name>
<Abbrev>DC</Abbrev>
<FipsCode>11</FipsCode>
<Category>Activity</Category>
<Subcategory>Recent Legislative Activity</Subcategory>
<Description>Tobacco Control Program Funding: Allocated $931,585 in city funding for tobacco prevention and cessation programs in FY2018.
FY2018 Local Budget Request Act (B22-242) passed by the City Council 6/13/17, signed by mayor 7/10/17, passed U.S. Congressional Review Period 8/29/17 and effective 10/1/17.</Description>
<Year>2017</Year>
<YearLabel>Year</YearLabel>
<AssocDate>2017-12-31T00:00:00</AssocDate>
<CategoryDisplayOrder>17</CategoryDisplayOrder>
<SubcategoryDisplayOrder>1</SubcategoryDisplayOrder>
<SubcategoryID>1366</SubcategoryID>
<CategoryID>1365</CategoryID>
<StateID>53</StateID>
</qryXMLSLATIDetail>
<qryXMLSLATIDetail>
<Name>District of Columbia</Name>
<Abbrev>DC</Abbrev>
<FipsCode>11</FipsCode>
<Category>Laws Restricting Youth Access to Tobacco Products</Category>
<Subcategory>Minimum Sales Age for Tobacco Products</Subcategory>
<HasLawOrRestriction>Y</HasLawOrRestriction>
<HasLawOrRestrictionDescription>Yes, has a law or restriction</HasLawOrRestrictionDescription>
<Citation>D.C. CODE ANN. § 7-1721.02(a) (2018).</Citation>
<Description>21</Description>
<NumericValue>21</NumericValue>
<NumericValueLabel>Minimum Age</NumericValueLabel>
<CategoryDisplayOrder>5</CategoryDisplayOrder>
<SubcategoryDisplayOrder>1</SubcategoryDisplayOrder>
<SubcategoryID>1369</SubcategoryID>
<CategoryID>1294</CategoryID>
<StateID>53</StateID>
</qryXMLSLATIDetail>
<qryXMLSLATIDetail>
<Name>District of Columbia</Name>
<Abbrev>DC</Abbrev>
<FipsCode>11</FipsCode>
<Category>Use of Tobacco Settlement Dollars</Category>
<Subcategory>Securitization</Subcategory>
<HasLawOrRestriction>Y</HasLawOrRestriction>
<HasLawOrRestrictionDescription>Yes, has a law or restriction</HasLawOrRestrictionDescription>
<Citation>D.C. CODE ANN. §§ 7-1801.01 et seq. &amp; 7-1831.01 et seq. (2006).</Citation>
<Description>In 2000, the District of Columbia securitized most of its Master Settlement Agreement revenue, and in 2006 transferred additional money to the Tobacco Settlement Financing Corporation.  Proceeds from the initial bond sale went into a trust to pay off some of the city&apos;s debt, and an additional bond sale by the Tobacco Settlement Financing Corporation was authorized in 2006 to finance the costs of the National Capital Medical Center, healthcare related issues, other capital projects, or for debt defeasance.</Description>
<CategoryDisplayOrder>14</CategoryDisplayOrder>
<SubcategoryDisplayOrder>3</SubcategoryDisplayOrder>
<SubcategoryID>1376</SubcategoryID>
<CategoryID>1326</CategoryID>
<StateID>53</StateID>
</qryXMLSLATIDetail>
<qryXMLSLATIDetail>
<Name>District of Columbia</Name>
<Abbrev>DC</Abbrev>
<FipsCode>11</FipsCode>
<Category>Tobacco Taxes</Category>
<Subcategory>Revenue Collected from Cigarette Taxes</Subcategory>
<HasLawOrRestriction>Y</HasLawOrRestriction>
<HasLawOrRestrictionDescription>Yes, has a law or restriction</HasLawOrRestrictionDescription>
<Description>Revenue collected in Fiscal Year 2012 (July 1, 2011 to June 30, 2012): $33,465,000</Description>
<CategoryDisplayOrder>2</CategoryDisplayOrder>
<SubcategoryDisplayOrder>3</SubcategoryDisplayOrder>
<SubcategoryID>1378</SubcategoryID>
<CategoryID>1285</CategoryID>
<StateID>53</StateID>
</qryXMLSLATIDetail>
<qryXMLSLATIDetail>
<Name>District of Columbia</Name>
<Abbrev>DC</Abbrev>
<FipsCode>11</FipsCode>
<Category>Tobacco Control Program Funding</Category>
<Subcategory>Funding for Tobacco Control Programs</Subcategory>
<HasLawOrRestriction>Y</HasLawOrRestriction>
<HasLawOrRestrictionDescription>Yes, has a law or restriction</HasLawOrRestrictionDescription>
<Description>FY2018 State Funding for Tobacco Control Programs:              $931,585

FY2018 Federal Funding for State Tobacco Control Programs: $722,358*

FY2018 Total Funding for State Tobacco Control Programs:      $1,653,943

Funding Level Recommended by CDC:                                        $10,700,000

Percentage of CDC-Recommended Level:                                   15.5%

*Includes regular and supplemental quitline funding from the Centers for Disease Control and Prevention and state youth access contract funding from the U.S. Food and Drug Administration.</Description>
<CategoryDisplayOrder>3</CategoryDisplayOrder>
<SubcategoryDisplayOrder>6</SubcategoryDisplayOrder>
<SubcategoryID>1379</SubcategoryID>
<CategoryID>1331</CategoryID>
<StateID>53</StateID>
</qryXMLSLATIDetail>
</tblStatesALA>
</dataroot>
