<?xml version="1.0" encoding="UTF-8"?>
<dataroot xmlns:od="urn:schemas-microsoft-com:officedata" generated="2019-01-22T09:22:17">
<tblStatesALA>
<ID>47</ID>
<Name>Virginia</Name>
<Abbrev>VA</Abbrev>
<FipsCode>51</FipsCode>
<LegislatureHyperlink>#http://legis.state.va.us/#</LegislatureHyperlink>
<qryXMLSLATIDetail>
<Name>Virginia</Name>
<Abbrev>VA</Abbrev>
<FipsCode>51</FipsCode>
<Category>Smoking Restrictions</Category>
<Subcategory>Overall Summary of Smoking Restrictions</Subcategory>
<HasLawOrRestriction>Y</HasLawOrRestriction>
<HasLawOrRestrictionDescription>Yes, has a law or restriction</HasLawOrRestrictionDescription>
<Citation>VA. CODE ANN. §§ 15.2-2820 to 15.2-2828 (2009).</Citation>
<Description>Smoking is prohibited in some specific public places such as K-12 schools and licensed child care centers, and allowed in designated areas in other public places such as health care facilities and retail/grocery stores.  See Virginia Code sections 15.2-2824 to 15.2-2826 for specific types of places.  Smoking is also restricted to separately enclosed, separately ventilated rooms/areas in restaurants.</Description>
<CategoryDisplayOrder>1</CategoryDisplayOrder>
<SubcategoryDisplayOrder>1</SubcategoryDisplayOrder>
<SubcategoryID>1268</SubcategoryID>
<CategoryID>1262</CategoryID>
<StateID>47</StateID>
</qryXMLSLATIDetail>
<qryXMLSLATIDetail>
<Name>Virginia</Name>
<Abbrev>VA</Abbrev>
<FipsCode>51</FipsCode>
<Category>Smoking Restrictions</Category>
<Subcategory>Exceptions to the Law</Subcategory>
<HasLawOrRestriction>Y</HasLawOrRestriction>
<HasLawOrRestrictionDescription>Yes, has a law or restriction</HasLawOrRestrictionDescription>
<Citation>VA. CODE ANN. §§ 15.2-2820 to 15.2-2828 (2009).</Citation>
<Description>Smoking is specifically not regulated in: retail tobacco stores, tobacco warehouses or tobacco manufacturing facilities and private clubs.  There are also no restrictions on smoking in private workplaces.</Description>
<CategoryDisplayOrder>1</CategoryDisplayOrder>
<SubcategoryDisplayOrder>2</SubcategoryDisplayOrder>
<SubcategoryID>1269</SubcategoryID>
<CategoryID>1262</CategoryID>
<StateID>47</StateID>
</qryXMLSLATIDetail>
<qryXMLSLATIDetail>
<Name>Virginia</Name>
<Abbrev>VA</Abbrev>
<FipsCode>51</FipsCode>
<Category>Smoking Restrictions</Category>
<Subcategory>Stronger Local Laws on Smoking</Subcategory>
<HasLawOrRestriction>N</HasLawOrRestriction>
<HasLawOrRestrictionDescription>No law, policy or restriction</HasLawOrRestrictionDescription>
<Description>Stronger local laws/ordinances further restricting smoking are generally not allowed except in a few specific communities that are exempted.

No ordinances enacted by a locality prior to January 1, 1990, shall be deemed invalid or unenforceable because of lack of consistency with the provisions of this chapter.  Unless specifically permitted in this chapter, ordinances adopted after January 1, 1990, shall not contain provisions or standards which exceed those established in this chapter.
VA. CODE ANN. §§ 15.2-2803 (2009).
  
If a local smoking ordinance is enacted by a locality, the ordinance shall prohibit smoking in: 1) common areas in an educational facility, including but not limited to, classrooms, hallways, auditoriums, and public meeting rooms; 2) school buses and public conveyances; and 3) any of the places governed by sections 15.2-2824 or 15.2-2825 of the Virginia Code Annotated.  Local ordinances may provide that management shall designate reasonable no-smoking areas, considering the nature of the use and the size of the building, in: 1) retail and service establishments of 15,000 square feet or more serving the general public, including, but not limited to, department stores, grocery stores, drug stores, clothing stores, and shoe stores; 2) educational facilities, except as provided in section 15.2-2824 Virginia Code Annotated; 3) health care facilities; 4) rooms in which a public meeting or hearing is being held; 5) places of entertainment and cultural facilities, including but not limited to theaters, concert halls, gymnasiums, auditoriums, other enclosed arenas, art galleries, libraries, and museums; 6) indoor facilities used for recreational purposes; or 7) other public places.  They shall not prohibit smoking in: 1) conference or meeting rooms and public or private assembly rooms while such rooms are being used for private functions; 2) private work places; 3) areas of enclosed shopping centers or malls that are external to the retail stores therein, are used by customers as a route of travel from one store to another, and consist primarily of walkways and seating arrangements; or 4) lobby areas of hotels, motels, and other establishments open to the general public for overnight accommodation.  Penalty and enforcement provisions must be the same as state law as well.
VA. CODE ANN. §§ 15.2-2829 to 15.2-2833 (2009).</Description>
<CategoryDisplayOrder>1</CategoryDisplayOrder>
<SubcategoryDisplayOrder>3</SubcategoryDisplayOrder>
<SubcategoryID>1270</SubcategoryID>
<CategoryID>1262</CategoryID>
<StateID>47</StateID>
</qryXMLSLATIDetail>
<qryXMLSLATIDetail>
<Name>Virginia</Name>
<Abbrev>VA</Abbrev>
<FipsCode>51</FipsCode>
<Category>Smoking Restrictions</Category>
<Subcategory>Government Buildings</Subcategory>
<HasLawOrRestriction>R</HasLawOrRestriction>
<HasLawOrRestrictionDescription>Restriction required</HasLawOrRestrictionDescription>
<Citation>VA. CODE ANN. §§ 15.2-2823 &amp; 15.2-2824 (2009).</Citation>
<Description>By executive order, smoking is prohibited in offices and buildings occupied by executive branch agencies and institutions, including institutions of higher education.  Smoking in correctional facilities shall be in accordance with guidelines set by the Director of the Department of Corrections; and smoking in state mental health and mental retardation facilities and in mental health units at state teaching hospitals shall be in accordance with guidelines set by the Commissioner of Mental Health, Mental Retardation, and Substance Abuse Services.  Smoking is also prohibited in state-owned vehicles except smoking in state police vehicles shall be in accordance with policy set by the Superintendent of State Police.
2006 Exec. Order 41, effective 1/1/07.

Unless prohibited by executive order above, the commonwealth or any agency thereof and every locality shall provide reasonable no-smoking areas, considering the nature of the use and the size of the building, in any building owned or leased by the Commonwealth or any agency thereof or a locality.  The provisions of this chapter shall not apply to office, work or other areas of the Department of Corrections which are not entered by the general public in the normal course of business or use of the premises.  Smoking is prohibited in public restrooms in any building owned or leased by the Commonwealth or any agency thereof.  Smoking is also prohibited in local/district health departments.</Description>
<CategoryDisplayOrder>1</CategoryDisplayOrder>
<SubcategoryDisplayOrder>4</SubcategoryDisplayOrder>
<SubcategoryID>1271</SubcategoryID>
<CategoryID>1262</CategoryID>
<StateID>47</StateID>
</qryXMLSLATIDetail>
<qryXMLSLATIDetail>
<Name>Virginia</Name>
<Abbrev>VA</Abbrev>
<FipsCode>51</FipsCode>
<Category>Smoking Restrictions</Category>
<Subcategory>Private Workplaces</Subcategory>
<HasLawOrRestriction>N</HasLawOrRestriction>
<HasLawOrRestrictionDescription>No law, policy or restriction</HasLawOrRestrictionDescription>
<Description>No restrictions</Description>
<CategoryDisplayOrder>1</CategoryDisplayOrder>
<SubcategoryDisplayOrder>5</SubcategoryDisplayOrder>
<SubcategoryID>1272</SubcategoryID>
<CategoryID>1262</CategoryID>
<StateID>47</StateID>
</qryXMLSLATIDetail>
<qryXMLSLATIDetail>
<Name>Virginia</Name>
<Abbrev>VA</Abbrev>
<FipsCode>51</FipsCode>
<Category>Smoking Restrictions</Category>
<Subcategory>Schools</Subcategory>
<HasLawOrRestriction>M</HasLawOrRestriction>
<HasLawOrRestrictionDescription>Smoking mostly restricted</HasLawOrRestrictionDescription>
<Citation>VA. CODE ANN. §§ 22.1-79.5 &amp; 22.1-279.6(H) (2014).</Citation>
<Description>By executive order, smoking is prohibited in offices and buildings occupied by executive branch agencies and institutions, including institutions of higher education.
2006 Exec. Order 41, effective 1/1/07.

Smoking is prohibited in the interior of any public elementary, intermediate, and secondary school and in public school buses. Except as specified above, the person(s) in charge of other educational facilities shall designate reasonable no-smoking areas, considering the nature of the use and the size of the building.
VA. CODE ANN. §§ 15.2-2824 &amp; 15.2-2826 (2009).

Each school board in the state is required to develop and implement a policy to prohibit the use of electronic cigarettes on a school bus, on school property, or at a school-sponsored activity as well as include a prohibition on possessing electronic cigarettes in the same locations in the school board&apos;s code of student conduct.</Description>
<CategoryDisplayOrder>1</CategoryDisplayOrder>
<SubcategoryDisplayOrder>6</SubcategoryDisplayOrder>
<SubcategoryID>1273</SubcategoryID>
<CategoryID>1262</CategoryID>
<StateID>47</StateID>
</qryXMLSLATIDetail>
<qryXMLSLATIDetail>
<Name>Virginia</Name>
<Abbrev>VA</Abbrev>
<FipsCode>51</FipsCode>
<Category>Smoking Restrictions</Category>
<Subcategory>Child Care Facilities</Subcategory>
<HasLawOrRestriction>M</HasLawOrRestriction>
<HasLawOrRestrictionDescription>Smoking mostly restricted</HasLawOrRestrictionDescription>
<Citation>VA. CODE ANN. § 15.2-2824 (2009).</Citation>
<Description>Smoking is prohibited in any child day care center that is not also used for residential purposes. This does not apply to any portion of a building not used by a child day care center.</Description>
<CategoryDisplayOrder>1</CategoryDisplayOrder>
<SubcategoryDisplayOrder>7</SubcategoryDisplayOrder>
<SubcategoryID>1274</SubcategoryID>
<CategoryID>1262</CategoryID>
<StateID>47</StateID>
</qryXMLSLATIDetail>
<qryXMLSLATIDetail>
<Name>Virginia</Name>
<Abbrev>VA</Abbrev>
<FipsCode>51</FipsCode>
<Category>Smoking Restrictions</Category>
<Subcategory>Health Care Facilities</Subcategory>
<HasLawOrRestriction>R</HasLawOrRestriction>
<HasLawOrRestrictionDescription>Restriction required</HasLawOrRestrictionDescription>
<Citation>VA. CODE ANN. § 18.2-511.1 (2009).</Citation>
<Description>Smoking is prohibited in hospital emergency rooms and public restrooms of health care facilities.  Reasonable no-smoking areas must be designated in other health care facilities, including hospitals and nursing homes. 
VA. CODE ANN. §§ 15.2-2824 &amp; 15.2-2826 (2009).

Any person who smokes or uses an open flame within 25 feet of a medical oxygen source in a health care facility when the area is posted as an area where smoking and open flame are prohibited is guilty of a Class 2 misdemeanor.</Description>
<CategoryDisplayOrder>1</CategoryDisplayOrder>
<SubcategoryDisplayOrder>8</SubcategoryDisplayOrder>
<SubcategoryID>1275</SubcategoryID>
<CategoryID>1262</CategoryID>
<StateID>47</StateID>
</qryXMLSLATIDetail>
<qryXMLSLATIDetail>
<Name>Virginia</Name>
<Abbrev>VA</Abbrev>
<FipsCode>51</FipsCode>
<Category>Smoking Restrictions</Category>
<Subcategory>Restaurants</Subcategory>
<HasLawOrRestriction>R</HasLawOrRestriction>
<HasLawOrRestrictionDescription>Restriction required</HasLawOrRestrictionDescription>
<Citation>VA. CODE ANN. § 15.2-2825 (2009).</Citation>
<Description>As of December 1, 2009, smoking is restricted to structurally separated and separately ventilated portions of restaurants.  At least one public entrance of a restaurant must be into an area of the restaurant where smoking is prohibited.  Smoking is still allowed in: 1) places that prepare or store food for distribution to persons of the same business operation or of a related business operation for service to the public such as catering services and mobile points of service; 2) outdoor areas of restaurants when not enclosed by temporary enclosures; 3) restaurants located on the premises of any manufacturer of tobacco products; 4) any portion of the restaurant that is used for private functions; and 5) any private club.</Description>
<CategoryDisplayOrder>1</CategoryDisplayOrder>
<SubcategoryDisplayOrder>9</SubcategoryDisplayOrder>
<SubcategoryID>1276</SubcategoryID>
<CategoryID>1262</CategoryID>
<StateID>47</StateID>
</qryXMLSLATIDetail>
<qryXMLSLATIDetail>
<Name>Virginia</Name>
<Abbrev>VA</Abbrev>
<FipsCode>51</FipsCode>
<Category>Smoking Restrictions</Category>
<Subcategory>Bars</Subcategory>
<HasLawOrRestriction>R</HasLawOrRestriction>
<HasLawOrRestrictionDescription>Restriction required</HasLawOrRestrictionDescription>
<Citation>VA. CODE ANN. §§ 15.2-2825 &amp; 15.2-2828 (2009).</Citation>
<Description>There is no legal distinction between restaurants and bars in Virginia, so establishments that are commonly known as bars are subject to the restrictions on smoking listed above under &quot;Restaurants.&quot;</Description>
<CategoryDisplayOrder>1</CategoryDisplayOrder>
<SubcategoryDisplayOrder>10</SubcategoryDisplayOrder>
<SubcategoryID>1277</SubcategoryID>
<CategoryID>1262</CategoryID>
<StateID>47</StateID>
</qryXMLSLATIDetail>
<qryXMLSLATIDetail>
<Name>Virginia</Name>
<Abbrev>VA</Abbrev>
<FipsCode>51</FipsCode>
<Category>Smoking Restrictions</Category>
<Subcategory>Private Vehicles</Subcategory>
<HasLawOrRestriction>Y</HasLawOrRestriction>
<HasLawOrRestrictionDescription>Yes, has a law or restriction</HasLawOrRestrictionDescription>
<Citation>VA. CODE ANN. § 46.2-112.1 (2016).</Citation>
<Description>It is unlawful for a person to smoke in a motor vehicle, whether in motion or at rest, when a minor under the age of eight is present in the motor vehicle. A violation of this section is punishable by a civil penalty of $100. No citation for a violation of this section shall be issued unless the officer issuing such citation has cause to stop or arrest the driver of such motor vehicle for the violation of some other provision of state law related to motor vehicles.</Description>
<CategoryDisplayOrder>1</CategoryDisplayOrder>
<SubcategoryDisplayOrder>16</SubcategoryDisplayOrder>
<SubcategoryID>1282</SubcategoryID>
<CategoryID>1262</CategoryID>
<StateID>47</StateID>
</qryXMLSLATIDetail>
<qryXMLSLATIDetail>
<Name>Virginia</Name>
<Abbrev>VA</Abbrev>
<FipsCode>51</FipsCode>
<Category>Smoking Restrictions</Category>
<Subcategory>Other State Smoking Restrictions and Provisions</Subcategory>
<HasLawOrRestriction>Y</HasLawOrRestriction>
<HasLawOrRestrictionDescription>Yes, has a law or restriction</HasLawOrRestrictionDescription>
<Citation>VA. CODE ANN. § 46.2-819.4 (2007).</Citation>
<Description>Any person who smokes or uses an open flame within 20 feet of a pump used to fuel motor vehicles or a fueling tanker being used to deliver gasoline to a gasoline station is guilty of a Class 3 misdemeanor if smoking or the use of an open flame is prohibited by a sign at the pump. Any person who causes a fire or explosion as a result of a violation of this section is guilty of a Class 1 misdemeanor.</Description>
<CategoryDisplayOrder>1</CategoryDisplayOrder>
<SubcategoryDisplayOrder>17</SubcategoryDisplayOrder>
<SubcategoryID>1283</SubcategoryID>
<CategoryID>1262</CategoryID>
<StateID>47</StateID>
</qryXMLSLATIDetail>
<qryXMLSLATIDetail>
<Name>Virginia</Name>
<Abbrev>VA</Abbrev>
<FipsCode>51</FipsCode>
<Category>Smoking Restrictions</Category>
<Subcategory>Penalties/Enforcement</Subcategory>
<HasLawOrRestriction>Y</HasLawOrRestriction>
<HasLawOrRestrictionDescription>Yes, has a law or restriction</HasLawOrRestrictionDescription>
<Citation>VA. CODE ANN. §§ 15.2-2820 to 15.2-2828 (2009).</Citation>
<Description>The proprietor or other person in charge of a space subject to the restrictions on smoking in the Virginia Clean Indoor Air Act shall post signs conspicuous to public view stating &quot;Smoking Permitted&quot; or &quot;No Smoking.&quot;   Restaurants are required to post &quot;No Smoking&quot; signs and remove ashtrays from areas of the restaurants where smoking is prohibited.  Failure to post the required signs, continuing to smoke in a non-smoking area after being asked not to, or if a restaurant proprietor fails to comply with specified requirements is punishable by a civil penalty not to exceed $25.  Restaurant proprietors can assert an affirmative defense to violation if they follow specified requirements.  Any law-enforcement officer may issue a summons regarding a violation of the restrictions on smoking in public places or restaurants.</Description>
<CategoryDisplayOrder>1</CategoryDisplayOrder>
<SubcategoryDisplayOrder>18</SubcategoryDisplayOrder>
<SubcategoryID>1284</SubcategoryID>
<CategoryID>1262</CategoryID>
<StateID>47</StateID>
</qryXMLSLATIDetail>
<qryXMLSLATIDetail>
<Name>Virginia</Name>
<Abbrev>VA</Abbrev>
<FipsCode>51</FipsCode>
<Category>Tobacco Taxes</Category>
<Subcategory>Tax on Cigarettes</Subcategory>
<HasLawOrRestriction>Y</HasLawOrRestriction>
<HasLawOrRestrictionDescription>Yes, has a law or restriction</HasLawOrRestrictionDescription>
<Citation>VA. CODE ANN. § 58.1-1001 (2007).</Citation>
<Description>Tax rate per pack of 20: 30 cents
Date last changed: July 1, 2005 -- from 20 cents to 30 cents
Year first enacted: 1960
VA. CODE ANN. § 58.1-1001 (2007).

Roll-your-own tobacco is now included in the definition of cigarette and 0.09 ounces of roll-your-own tobacco is the same as one cigarette.  However, the excise tax on roll-your-own tobacco is still 10 percent of the manufacturers&apos; sales price.</Description>
<NumericValue>0.3</NumericValue>
<NumericValueLabel>Rate Per Pack</NumericValueLabel>
<CategoryDisplayOrder>2</CategoryDisplayOrder>
<SubcategoryDisplayOrder>1</SubcategoryDisplayOrder>
<SubcategoryID>1286</SubcategoryID>
<CategoryID>1285</CategoryID>
<StateID>47</StateID>
</qryXMLSLATIDetail>
<qryXMLSLATIDetail>
<Name>Virginia</Name>
<Abbrev>VA</Abbrev>
<FipsCode>51</FipsCode>
<Category>Tobacco Taxes</Category>
<Subcategory>Use of Cigarette Tax Revenue - Summary</Subcategory>
<HasLawOrRestriction>Y</HasLawOrRestriction>
<HasLawOrRestrictionDescription>Yes, has a law or restriction</HasLawOrRestrictionDescription>
<Citation>VA. CODE ANN. §§ 58.1-1018 &amp; 32.1-367 (2004).</Citation>
<Description>All revenue generated by the cigarette tax is deposited into the Virginia Health Care Fund.  Monies in the fund are used for the provision of health care services.</Description>
<Year>2012</Year>
<YearLabel>Revenue Year</YearLabel>
<NumericValue>168830000</NumericValue>
<NumericValueLabel>Revenue Collected</NumericValueLabel>
<CategoryDisplayOrder>2</CategoryDisplayOrder>
<SubcategoryDisplayOrder>4</SubcategoryDisplayOrder>
<SubcategoryID>1287</SubcategoryID>
<CategoryID>1285</CategoryID>
<StateID>47</StateID>
</qryXMLSLATIDetail>
<qryXMLSLATIDetail>
<Name>Virginia</Name>
<Abbrev>VA</Abbrev>
<FipsCode>51</FipsCode>
<Category>Tobacco Taxes</Category>
<Subcategory>Taxes on Other Tobacco Products</Subcategory>
<HasLawOrRestriction>Y</HasLawOrRestriction>
<HasLawOrRestrictionDescription>Yes, has a law or restriction</HasLawOrRestrictionDescription>
<Citation>VA. CODE ANN. § 58.1-1021.02 (2011).</Citation>
<Description>Moist snuff: 18 cents/oz. with a proportionate tax at the same rate on all fractional parts of an ounce;
Loose-leaf tobacco: 21 cents for a single unit, 40 cents for a half-pound unit, 70 cents for a pound-unit or 21 cents for all other units, pouches or packages plus an additional 21 cents for each 4 ounce increment over one pound;
All other tobacco products: 10% of the manufacturers&apos; sales price.</Description>
<CategoryDisplayOrder>2</CategoryDisplayOrder>
<SubcategoryDisplayOrder>6</SubcategoryDisplayOrder>
<SubcategoryID>1289</SubcategoryID>
<CategoryID>1285</CategoryID>
<StateID>47</StateID>
</qryXMLSLATIDetail>
<qryXMLSLATIDetail>
<Name>Virginia</Name>
<Abbrev>VA</Abbrev>
<FipsCode>51</FipsCode>
<Category>Tobacco Taxes</Category>
<Subcategory>Use of Other Tobacco Products Tax Revenue - Summary</Subcategory>
<HasLawOrRestriction>Y</HasLawOrRestriction>
<HasLawOrRestrictionDescription>Yes, has a law or restriction</HasLawOrRestrictionDescription>
<Citation>VA. CODE ANN. §§ 58.1-1021.05 (2005) &amp; 32.1-367 (2004).</Citation>
<Description>All revenue generated by the other tobacco products tax is deposited into the Virginia Health Care Fund.  Monies in the fund are used for the provision of health care services.</Description>
<CategoryDisplayOrder>2</CategoryDisplayOrder>
<SubcategoryDisplayOrder>7</SubcategoryDisplayOrder>
<SubcategoryID>1290</SubcategoryID>
<CategoryID>1285</CategoryID>
<StateID>47</StateID>
</qryXMLSLATIDetail>
<qryXMLSLATIDetail>
<Name>Virginia</Name>
<Abbrev>VA</Abbrev>
<FipsCode>51</FipsCode>
<Category>Laws Restricting Youth Access to Tobacco Products</Category>
<Subcategory>Compliance/Enforcement</Subcategory>
<HasLawOrRestriction>Y</HasLawOrRestriction>
<HasLawOrRestrictionDescription>Yes, has a law or restriction</HasLawOrRestrictionDescription>
<Citation>VA. CODE ANN. § 18.2-371.2 (2015).</Citation>
<Description>For the purpose of compliance with regulations of the Substance Abuse and Mental Health Services Administration (Synar Amendment) the Department of Agriculture and Consumer Services may promulgate regulations which allow the department to undertake the activities necessary to comply with such regulations.</Description>
<CategoryDisplayOrder>5</CategoryDisplayOrder>
<SubcategoryDisplayOrder>3</SubcategoryDisplayOrder>
<SubcategoryID>1295</SubcategoryID>
<CategoryID>1294</CategoryID>
<StateID>47</StateID>
</qryXMLSLATIDetail>
<qryXMLSLATIDetail>
<Name>Virginia</Name>
<Abbrev>VA</Abbrev>
<FipsCode>51</FipsCode>
<Category>Laws Restricting Youth Access to Tobacco Products</Category>
<Subcategory>Penalties for Sales to Minors</Subcategory>
<HasLawOrRestriction>Y</HasLawOrRestriction>
<HasLawOrRestrictionDescription>Yes, has a law or restriction</HasLawOrRestrictionDescription>
<Citation>VA. CODE ANN. § 18.2-371.2 (2015).</Citation>
<Description>No person shall sell to, distribute to, purchase for or knowingly permit the purchase by any person less than 18 years of age of any tobacco product, nicotine vapor product or alternative nicotine product as defined. Nicotine vapor product includes most electronic cigarettes and alternative nicotine product may include some smokeless tobacco products. Proof that the person demanded, was shown, and reasonably relied upon a photo identification stating that the individual was at least 18 years of age as required by law shall be a defense to any action brought under this subsection. Violation by an individual or a separate retail establishment, except for the sale of bidis, shall be punishable by a civil penalty not to exceed $100 for the first violation, up to $200 for a second violation and up to $500 for subsequent violations. If the retail establishment has a youth access training program, the court shall suspend all penalties. If the court finds that there is no training program then they may impose a penalty not to exceed $1,000 in lieu of the penalties above.</Description>
<CategoryDisplayOrder>5</CategoryDisplayOrder>
<SubcategoryDisplayOrder>4</SubcategoryDisplayOrder>
<SubcategoryID>1296</SubcategoryID>
<CategoryID>1294</CategoryID>
<StateID>47</StateID>
</qryXMLSLATIDetail>
<qryXMLSLATIDetail>
<Name>Virginia</Name>
<Abbrev>VA</Abbrev>
<FipsCode>51</FipsCode>
<Category>Laws Restricting Youth Access to Tobacco Products</Category>
<Subcategory>Sign Posting Requirements</Subcategory>
<HasLawOrRestriction>Y</HasLawOrRestriction>
<HasLawOrRestrictionDescription>Yes, has a law or restriction</HasLawOrRestrictionDescription>
<Citation>VA. CODE ANN. § 18.2-371.2 (2015).</Citation>
<Description>Retail establishments that sell tobacco products, nicotine vapor products or alternative nicotine products as defined shall post signs indicating that the sale of such products to any person under the age of 18 is prohibited by law. Proprietors in violation of this requirement may be charged by the attorney for the county, city, or town in which the violation occurred with a civil penalty not to exceed $50.</Description>
<CategoryDisplayOrder>5</CategoryDisplayOrder>
<SubcategoryDisplayOrder>5</SubcategoryDisplayOrder>
<SubcategoryID>1297</SubcategoryID>
<CategoryID>1294</CategoryID>
<StateID>47</StateID>
</qryXMLSLATIDetail>
<qryXMLSLATIDetail>
<Name>Virginia</Name>
<Abbrev>VA</Abbrev>
<FipsCode>51</FipsCode>
<Category>Laws Restricting Youth Access to Tobacco Products</Category>
<Subcategory>Restrictions on Sales of Bidi Cigarettes</Subcategory>
<HasLawOrRestriction>Y</HasLawOrRestriction>
<HasLawOrRestrictionDescription>Yes, has a law or restriction</HasLawOrRestrictionDescription>
<Citation>VA. CODE ANN. § 18.2-371.2 (2015).</Citation>
<Description>No person shall sell to, distribute to, purchase for or knowingly permit the purchase by any person less than 18 years of age, knowing or having reason to believe that such person is less than 18 years of age, any tobacco product, including bidis.  A violation by an individual or by a separate retail establishment that involves the sale, distribution or purchase of a bidi shall be punishable by a civil penalty in the amount of $500 for a first violation, $1,000 for a second violation, and $2,500 for a third or subsequent violation.</Description>
<CategoryDisplayOrder>5</CategoryDisplayOrder>
<SubcategoryDisplayOrder>6</SubcategoryDisplayOrder>
<SubcategoryID>1298</SubcategoryID>
<CategoryID>1294</CategoryID>
<StateID>47</StateID>
</qryXMLSLATIDetail>
<qryXMLSLATIDetail>
<Name>Virginia</Name>
<Abbrev>VA</Abbrev>
<FipsCode>51</FipsCode>
<Category>Laws Restricting Youth Access to Tobacco Products</Category>
<Subcategory>Purchase/Possession of Tobacco Products by Minors</Subcategory>
<HasLawOrRestriction>Y</HasLawOrRestriction>
<HasLawOrRestrictionDescription>Yes, has a law or restriction</HasLawOrRestrictionDescription>
<Citation>VA. CODE ANN. § 18.2-371.2 (2015).</Citation>
<Description>No person less than 18 years of age shall purchase, attempt to purchase or possess any tobacco product, nicotine vapor product or alternative nicotine product as defined. This shall not apply to the possession of tobacco products by a person less than 18 years of age making a delivery of any of these products in pursuance of their employment. Violators shall be punishable by a civil penalty not to exceed $100 for the first violation, and $250 for subsequent violations. In lieu of the civil penalty, a judge may prescribe up to 20 hours of community service for a first violation and up to 40 hours of community service for a second violation.</Description>
<CategoryDisplayOrder>5</CategoryDisplayOrder>
<SubcategoryDisplayOrder>8</SubcategoryDisplayOrder>
<SubcategoryID>1299</SubcategoryID>
<CategoryID>1294</CategoryID>
<StateID>47</StateID>
</qryXMLSLATIDetail>
<qryXMLSLATIDetail>
<Name>Virginia</Name>
<Abbrev>VA</Abbrev>
<FipsCode>51</FipsCode>
<Category>Laws Restricting Youth Access to Tobacco Products</Category>
<Subcategory>Placement of Tobacco Products</Subcategory>
<HasLawOrRestriction>N</HasLawOrRestriction>
<HasLawOrRestrictionDescription>No law, policy or restriction</HasLawOrRestrictionDescription>
<Description>No state law/regulation.</Description>
<CategoryDisplayOrder>5</CategoryDisplayOrder>
<SubcategoryDisplayOrder>9</SubcategoryDisplayOrder>
<SubcategoryID>1300</SubcategoryID>
<CategoryID>1294</CategoryID>
<StateID>47</StateID>
</qryXMLSLATIDetail>
<qryXMLSLATIDetail>
<Name>Virginia</Name>
<Abbrev>VA</Abbrev>
<FipsCode>51</FipsCode>
<Category>Laws Restricting Youth Access to Tobacco Products</Category>
<Subcategory>Internet Sales of Tobacco Products</Subcategory>
<HasLawOrRestriction>Y</HasLawOrRestriction>
<HasLawOrRestrictionDescription>Yes, has a law or restriction</HasLawOrRestrictionDescription>
<Citation>VA. CODE ANN. § 18.2-371.2 (2015).</Citation>
<Description>No person shall mail, ship, or otherwise deliver cigarettes in connection with a delivery sale unless prior to the first delivery sale to a consumer such person complies with: 1) specific age verification requirements, including obtaining a certification from the prospective consumer and verifying the information in the certification; 2) disclosure requirements; 3) shipping requirements, including use of a delivery service that requires a signature to accept delivery and a photographic identification of the person accepting delivery; 4) registration and reporting requirements; and 5) tax collection requirements. A first violation of these provisions is a civil penalty of up to $1,000. A second and subsequent violation is a civil penalty of up to $10,000.  Knowingly submitting a false certification is a civil penalty of $5,000 for each offense. Failure to collect or remit taxes is a civil penalty of up to five times the retail value of the cigarettes involved, in addition to any other penalty. The law also makes selling or possessing counterfeit cigarettes illegal, and prescribes penalties.
VA. CODE ANN. §§ 18.2-246.6 et seq. (2003).

Note: Some parts of this law may be affected by the U.S. Supreme Court decision in Rowe v. New Hampshire Motor Transport Association, decided February 20, 2008.

Persons offering a tobacco product, nicotine vapor product, or alternative nicotine product for sale through mail order or the Internet are required prior to the sale of the product to verify that the purchaser is at least 18 years of age through a commercially available database that is regularly used by businesses or governmental entities for the purpose of age and identity verification; and use a method of mailing, shipping, or delivery that requires the signature of a person at least 18 years of age before the tobacco product, nicotine vapor product, or alternative nicotine product will be released to the purchaser. Violation by an individual or a separate retail establishment, except for the sale of bidis, shall be punishable by a civil penalty not to exceed $100 for the first violation, up to $200 for a second violation and up to $500 for subsequent violations.</Description>
<CategoryDisplayOrder>5</CategoryDisplayOrder>
<SubcategoryDisplayOrder>10</SubcategoryDisplayOrder>
<SubcategoryID>1301</SubcategoryID>
<CategoryID>1294</CategoryID>
<StateID>47</StateID>
</qryXMLSLATIDetail>
<qryXMLSLATIDetail>
<Name>Virginia</Name>
<Abbrev>VA</Abbrev>
<FipsCode>51</FipsCode>
<Category>Laws Restricting Youth Access to Tobacco Products</Category>
<Subcategory>State Preemption of Local Youth Access Laws</Subcategory>
<HasLawOrRestriction>N</HasLawOrRestriction>
<HasLawOrRestrictionDescription>No law, policy or restriction</HasLawOrRestrictionDescription>
<Description>No specific provision concerning preemption in state law; however, local communities may not be allowed to pass stronger laws/ordinances further restricting youth access to tobacco products due to state legal custom.</Description>
<CategoryDisplayOrder>5</CategoryDisplayOrder>
<SubcategoryDisplayOrder>13</SubcategoryDisplayOrder>
<SubcategoryID>1303</SubcategoryID>
<CategoryID>1294</CategoryID>
<StateID>47</StateID>
</qryXMLSLATIDetail>
<qryXMLSLATIDetail>
<Name>Virginia</Name>
<Abbrev>VA</Abbrev>
<FipsCode>51</FipsCode>
<Category>Tobacco Product Samples/Minimum Sales Amounts for Tobacco Products</Category>
<Subcategory>Tobacco Product Samples</Subcategory>
<HasLawOrRestriction>N</HasLawOrRestriction>
<HasLawOrRestrictionDescription>No law, policy or restriction</HasLawOrRestrictionDescription>
<Citation>VA. CODE ANN. § 18.2-371.2 (2015).</Citation>
<Description>No person shall distribute to any person less than 18 years of age, any tobacco product, nicotine vapor product or alternative nciotine product as defined.  Violation is subject to the same penalties as selling such products to persons under age 18. The affirmative defenses listed under &quot;Penalties for Sales to Minors&quot; are also available.</Description>
<CategoryDisplayOrder>6</CategoryDisplayOrder>
<SubcategoryDisplayOrder>1</SubcategoryDisplayOrder>
<SubcategoryID>1305</SubcategoryID>
<CategoryID>1304</CategoryID>
<StateID>47</StateID>
</qryXMLSLATIDetail>
<qryXMLSLATIDetail>
<Name>Virginia</Name>
<Abbrev>VA</Abbrev>
<FipsCode>51</FipsCode>
<Category>Tobacco Product Samples/Minimum Sales Amounts for Tobacco Products</Category>
<Subcategory>Minimum Tobacco Products Sales Amounts</Subcategory>
<HasLawOrRestriction>Y</HasLawOrRestriction>
<HasLawOrRestrictionDescription>Yes, has a law or restriction</HasLawOrRestrictionDescription>
<Citation>VA. CODE ANN. § 18.2-371.2 (2015).</Citation>
<Description>Cigarettes shall be sold only in sealed packages provided by the manufacturer, with the required health warning.  Violators are subject to a civil penalty not to exceed $50.</Description>
<CategoryDisplayOrder>6</CategoryDisplayOrder>
<SubcategoryDisplayOrder>2</SubcategoryDisplayOrder>
<SubcategoryID>1306</SubcategoryID>
<CategoryID>1304</CategoryID>
<StateID>47</StateID>
</qryXMLSLATIDetail>
<qryXMLSLATIDetail>
<Name>Virginia</Name>
<Abbrev>VA</Abbrev>
<FipsCode>51</FipsCode>
<Category>Tobacco Product Samples/Minimum Sales Amounts for Tobacco Products</Category>
<Subcategory>State Preemption of Local Samples Laws</Subcategory>
<HasLawOrRestriction>N</HasLawOrRestriction>
<HasLawOrRestrictionDescription>No law, policy or restriction</HasLawOrRestrictionDescription>
<Description>No specific provision concerning preemption in state law; however, local communities may not be allowed to pass stronger laws/ordinances further restricting sampling or minimum sales amounts of tobacco products due to state legal custom.</Description>
<CategoryDisplayOrder>6</CategoryDisplayOrder>
<SubcategoryDisplayOrder>3</SubcategoryDisplayOrder>
<SubcategoryID>1307</SubcategoryID>
<CategoryID>1304</CategoryID>
<StateID>47</StateID>
</qryXMLSLATIDetail>
<qryXMLSLATIDetail>
<Name>Virginia</Name>
<Abbrev>VA</Abbrev>
<FipsCode>51</FipsCode>
<Category>Sales of Tobacco Products from Vending Machines</Category>
<Subcategory>Vending Machine Placement</Subcategory>
<HasLawOrRestriction>Y</HasLawOrRestriction>
<HasLawOrRestrictionDescription>Yes, has a law or restriction</HasLawOrRestrictionDescription>
<Citation>VA. CODE ANN. § 18.2-371.2 (2015).</Citation>
<Description>Vending machines must be located in a place that is not open to the general public and is not generally accessible to minors. An establishment which prohibits the presence of minors unless accompanied by an adult is not open to the general public.</Description>
<CategoryDisplayOrder>7</CategoryDisplayOrder>
<SubcategoryDisplayOrder>1</SubcategoryDisplayOrder>
<SubcategoryID>1308</SubcategoryID>
<CategoryID>1309</CategoryID>
<StateID>47</StateID>
</qryXMLSLATIDetail>
<qryXMLSLATIDetail>
<Name>Virginia</Name>
<Abbrev>VA</Abbrev>
<FipsCode>51</FipsCode>
<Category>Sales of Tobacco Products from Vending Machines</Category>
<Subcategory>Penalties for Vending Machine Violations</Subcategory>
<HasLawOrRestriction>Y</HasLawOrRestriction>
<HasLawOrRestrictionDescription>Yes, has a law or restriction</HasLawOrRestrictionDescription>
<Citation>VA. CODE ANN. § 18.2-371.2 (2015).</Citation>
<Description>A violation of the restrictions on placement of tobacco product vending machines is subject to the same penalties as selling or distributing tobacco products to persons under age 18.</Description>
<CategoryDisplayOrder>7</CategoryDisplayOrder>
<SubcategoryDisplayOrder>2</SubcategoryDisplayOrder>
<SubcategoryID>1310</SubcategoryID>
<CategoryID>1309</CategoryID>
<StateID>47</StateID>
</qryXMLSLATIDetail>
<qryXMLSLATIDetail>
<Name>Virginia</Name>
<Abbrev>VA</Abbrev>
<FipsCode>51</FipsCode>
<Category>Sales of Tobacco Products from Vending Machines</Category>
<Subcategory>Sign Posting Requirements for Vending Machines</Subcategory>
<HasLawOrRestriction>Y</HasLawOrRestriction>
<HasLawOrRestrictionDescription>Yes, has a law or restriction</HasLawOrRestrictionDescription>
<Citation>VA. CODE ANN. § 18.2-371.2 (2015).</Citation>
<Description>Where any tobacco product is sold from a vending machine notice shall also be posted on the machine in a conspicuous manner and place indicating that the purchase or possession of tobacco products by persons under age 18 is unlawful. Violation by an individual or a separate retail establishment shall be subject to the same penalties provided for sale or distribution of tobacco products to persons under age 18.</Description>
<CategoryDisplayOrder>7</CategoryDisplayOrder>
<SubcategoryDisplayOrder>3</SubcategoryDisplayOrder>
<SubcategoryID>1311</SubcategoryID>
<CategoryID>1309</CategoryID>
<StateID>47</StateID>
</qryXMLSLATIDetail>
<qryXMLSLATIDetail>
<Name>Virginia</Name>
<Abbrev>VA</Abbrev>
<FipsCode>51</FipsCode>
<Category>Sales of Tobacco Products from Vending Machines</Category>
<Subcategory>State Preemption of Local Vending Machine Laws</Subcategory>
<HasLawOrRestriction>N</HasLawOrRestriction>
<HasLawOrRestrictionDescription>No law, policy or restriction</HasLawOrRestrictionDescription>
<Description>No specific provision concerning preemption in state law; however, local communities may not be allowed to pass stronger laws/ordinances further restricting placement of and/or required sign posting on tobacco product vending machines due to state legal custom.</Description>
<CategoryDisplayOrder>7</CategoryDisplayOrder>
<SubcategoryDisplayOrder>4</SubcategoryDisplayOrder>
<SubcategoryID>1312</SubcategoryID>
<CategoryID>1309</CategoryID>
<StateID>47</StateID>
</qryXMLSLATIDetail>
<qryXMLSLATIDetail>
<Name>Virginia</Name>
<Abbrev>VA</Abbrev>
<FipsCode>51</FipsCode>
<Category>Licensing Requirements for Tobacco Products</Category>
<Subcategory>Overall Summary of Licensing Requirements</Subcategory>
<HasLawOrRestriction>Y</HasLawOrRestriction>
<HasLawOrRestrictionDescription>Yes, has a law or restriction</HasLawOrRestrictionDescription>
<Citation>VA. CODE ANN. §§ 58.1-1021.04:1 &amp; 58.1-1021.04:2 (2006).</Citation>
<Description>No person shall engage in the business of selling or dealing in tobacco products as a distributor without first having received a separate license from the Department of Taxation for each location or place of business. Each license, or a copy thereof, shall be prominently displayed on the premises covered by the license. No license shall be transferable to any other person. Distributor&apos;s licenses are valid for a period of three years from the date of issue unless sooner revoked by the department.</Description>
<CategoryDisplayOrder>8</CategoryDisplayOrder>
<SubcategoryDisplayOrder>1</SubcategoryDisplayOrder>
<SubcategoryID>1314</SubcategoryID>
<CategoryID>1313</CategoryID>
<StateID>47</StateID>
</qryXMLSLATIDetail>
<qryXMLSLATIDetail>
<Name>Virginia</Name>
<Abbrev>VA</Abbrev>
<FipsCode>51</FipsCode>
<Category>Licensing Requirements for Tobacco Products</Category>
<Subcategory>License Fees</Subcategory>
<HasLawOrRestriction>Y</HasLawOrRestriction>
<HasLawOrRestrictionDescription>Yes, has a law or restriction</HasLawOrRestrictionDescription>
<Citation>VA. CODE ANN. § 58.1-1021.04:1 (2006).</Citation>
<Description>Each distributor&apos;s license must be accompanied by a fee prescribed by the Department of Taxation.</Description>
<CategoryDisplayOrder>8</CategoryDisplayOrder>
<SubcategoryDisplayOrder>6</SubcategoryDisplayOrder>
<SubcategoryID>1315</SubcategoryID>
<CategoryID>1313</CategoryID>
<StateID>47</StateID>
</qryXMLSLATIDetail>
<qryXMLSLATIDetail>
<Name>Virginia</Name>
<Abbrev>VA</Abbrev>
<FipsCode>51</FipsCode>
<Category>Licensing Requirements for Tobacco Products</Category>
<Subcategory>License Suspension for Sales to Minors</Subcategory>
<HasLawOrRestriction>N</HasLawOrRestriction>
<HasLawOrRestrictionDescription>No law, policy or restriction</HasLawOrRestrictionDescription>
<Description>No provisions.</Description>
<CategoryDisplayOrder>8</CategoryDisplayOrder>
<SubcategoryDisplayOrder>7</SubcategoryDisplayOrder>
<SubcategoryID>1316</SubcategoryID>
<CategoryID>1313</CategoryID>
<StateID>47</StateID>
</qryXMLSLATIDetail>
<qryXMLSLATIDetail>
<Name>Virginia</Name>
<Abbrev>VA</Abbrev>
<FipsCode>51</FipsCode>
<Category>Smoking Protection Laws</Category>
<Subcategory>Smoking Protection Law</Subcategory>
<HasLawOrRestriction>Y</HasLawOrRestriction>
<HasLawOrRestrictionDescription>Yes, has a law or restriction</HasLawOrRestrictionDescription>
<Citation>VA. CODE ANN. § 2.2-2902 (1989).</Citation>
<Description>No employee of or applicant for employment with the Commonwealth or any of its political subdivisions shall be required, as a condition of employment, to smoke or use tobacco products on the job, or to abstain from smoking or using tobacco products outside the course of their employment, provided that this section shall not apply to specified classes of employees.</Description>
<Year>1989</Year>
<YearLabel>Year Law Last Amended</YearLabel>
<CategoryDisplayOrder>9</CategoryDisplayOrder>
<SubcategoryDisplayOrder>1</SubcategoryDisplayOrder>
<SubcategoryID>1319</SubcategoryID>
<CategoryID>1318</CategoryID>
<StateID>47</StateID>
</qryXMLSLATIDetail>
<qryXMLSLATIDetail>
<Name>Virginia</Name>
<Abbrev>VA</Abbrev>
<FipsCode>51</FipsCode>
<Category>Advertising &amp; Promotion</Category>
<Subcategory>Advertising &amp; Promotion</Subcategory>
<HasLawOrRestriction>N</HasLawOrRestriction>
<HasLawOrRestrictionDescription>No law, policy or restriction</HasLawOrRestrictionDescription>
<Description>No state law/regulation.</Description>
<CategoryDisplayOrder>10</CategoryDisplayOrder>
<SubcategoryDisplayOrder>1</SubcategoryDisplayOrder>
<SubcategoryID>1321</SubcategoryID>
<CategoryID>1320</CategoryID>
<StateID>47</StateID>
</qryXMLSLATIDetail>
<qryXMLSLATIDetail>
<Name>Virginia</Name>
<Abbrev>VA</Abbrev>
<FipsCode>51</FipsCode>
<Category>Product Disclosure</Category>
<Subcategory>Product Disclosure</Subcategory>
<HasLawOrRestriction>N</HasLawOrRestriction>
<HasLawOrRestrictionDescription>No law, policy or restriction</HasLawOrRestrictionDescription>
<Description>No state law/regulation.</Description>
<CategoryDisplayOrder>11</CategoryDisplayOrder>
<SubcategoryDisplayOrder>1</SubcategoryDisplayOrder>
<SubcategoryID>1323</SubcategoryID>
<CategoryID>1322</CategoryID>
<StateID>47</StateID>
</qryXMLSLATIDetail>
<qryXMLSLATIDetail>
<Name>Virginia</Name>
<Abbrev>VA</Abbrev>
<FipsCode>51</FipsCode>
<Category>Liability</Category>
<Subcategory>Tobacco Industry Liability</Subcategory>
<HasLawOrRestriction>Y</HasLawOrRestriction>
<HasLawOrRestrictionDescription>Yes, has a law or restriction</HasLawOrRestrictionDescription>
<Citation>VA. CODE ANN. § 8.01-676.1 (2000).</Citation>
<Description>In any civil litigation under any legal theory, the amount of the appeal bond or irrevocable letter of credit to be furnished during the pendency of all appeals or discretionary reviews of any judgment granting legal, equitable, or any other form of relief in order to stay the execution thereon during the entire course of appellate review by any courts shall be set in accordance with applicable laws or court rules, except that the total appeal bond or irrevocable letter of credit that is required of an appellant and all of its affiliates shall not exceed $25 million, regardless of the value of the judgment.  If the appellee proves by a preponderance of the evidence that a party bringing an appeal, for whom the appeal bond or irrevocable letter of credit requirement has been limited or waived is purposefully dissipating its assets or diverting assets outside the jurisdiction of the United States courts for the purpose of evading the judgment, the limitation or waiver granted shall be rescinded and a court may require the appellant to post a bond or irrevocable letter of credit in an amount up to the full amount of the judgment.</Description>
<CategoryDisplayOrder>13</CategoryDisplayOrder>
<SubcategoryDisplayOrder>1</SubcategoryDisplayOrder>
<SubcategoryID>1325</SubcategoryID>
<CategoryID>1324</CategoryID>
<StateID>47</StateID>
</qryXMLSLATIDetail>
<qryXMLSLATIDetail>
<Name>Virginia</Name>
<Abbrev>VA</Abbrev>
<FipsCode>51</FipsCode>
<Category>Use of Tobacco Settlement Dollars</Category>
<Subcategory>Use of Tobacco Settlement Dollars - Summary</Subcategory>
<HasLawOrRestriction>Y</HasLawOrRestriction>
<HasLawOrRestrictionDescription>Yes, has a law or restriction</HasLawOrRestrictionDescription>
<Citation>VA. CODE ANN. §§ 32.1-360 (2017), 32.1-366 &amp; 32.1-367 (2004), 3.1-1109.1 &amp; 3.1-1111 (2002) &amp; FY2017-FY2018 Biennial Budget Adjustments (H.B. 1500) enacted 5/3/2017 and effective 5/3/17 (FY2017) and 7/1/17 (FY2018).</Citation>
<Description>Annual Master Settlement Agreement (MSA) payments received by Virginia are split between three funds/endowments: 1) the Virginia Tobacco Settlement Fund (8.5% for FY2017/FY2018), which is used for tobacco, obesity, and substance use prevention activities among youth; 2) the Virginia Health Care Fund (41.5% for FY2017/FY2018); and 3) 50 percent to the Tobacco Settlement Financing Corporation and the lump sum payment received from that sale was put in the Tobacco Indemnification and Community Revitalization Endowment. In addition, 50 percent of a subset of MSA payments called strategic contribution payments received in FY2017 &amp; FY2018 were allocated to the Virginia Health Care Fund.</Description>
<Year>2012</Year>
<YearLabel>Year</YearLabel>
<NumericValue>117400000</NumericValue>
<NumericValueLabel>Amount Received</NumericValueLabel>
<CategoryDisplayOrder>14</CategoryDisplayOrder>
<SubcategoryDisplayOrder>1</SubcategoryDisplayOrder>
<SubcategoryID>1327</SubcategoryID>
<CategoryID>1326</CategoryID>
<StateID>47</StateID>
</qryXMLSLATIDetail>
<qryXMLSLATIDetail>
<Name>Virginia</Name>
<Abbrev>VA</Abbrev>
<FipsCode>51</FipsCode>
<Category>Use of Tobacco Settlement Dollars</Category>
<Subcategory>Use of Tobacco Settlement Dollars - Detailed Information</Subcategory>
<HasLawOrRestriction>Y</HasLawOrRestriction>
<HasLawOrRestrictionDescription>Yes, has a law or restriction</HasLawOrRestrictionDescription>
<Citation>FY2017-FY2018 Biennial Budget Adjustments (H.B. 1500) enacted 5/3/2017 and effective 5/3/17 (FY2017) and 7/1/17 (FY2018).</Citation>
<Description>The Virginia Tobacco Settlement Fund was created. Ten percent of the MSA monies are allocated to the fund, unless this 10 percent allocation is sold to the Virginia Foundation for Healthy Youth Endowment for a lump sum payment up front. The monies are used for: 1) discouraging, eliminating or preventing the use of tobacco products by persons under age 18, including, but not limited to, educational and awareness programs on the health effects of tobacco use by youth and laws restricting the distribution of tobacco products to youth; 2) reducing childhood obesity, including but not limited to educational and awareness programs, implementing evidence-based practices, and assisting schools and communities with related policies and programs; 3) preventing and reducing substance use by youth, including but not limited to educational and awareness programs, implementing evidence-based practices, and assisting schools and communities with related policies and programs.
VA. CODE ANN. § 32.1-360 (2017).

Note: For FY2017 &amp; FY2018, the allocation of tobacco settlement dollars to the Virginia Tobacco Settlement Fund was reduced to 8.5 percent. Also, at least $1 million of the allocated dollars are required to be used on obesity prevention activities.
FY2017-FY2018 Biennial Budget Adjustments (H.B. 1500) enacted 5/3/2017 and effective 5/3/17 (FY2017) and 7/1/17 (FY2018).

The Virginia Health Care Fund was created into which shall be deposited 40 percent of the annual MSA payment. Monies deposited to the Fund shall be used solely for the provision of health care services. Health care services include, but are not limited to, Medicaid payments, disease diagnosis, prevention and control, and community health services.
VA. CODE ANN. §§ 32.1-366 &amp; 32.1-367 (2004).

Note: For FY2017 &amp; FY2018, the allocation of tobacco settlement dollars to the Virginia Health Care Fund was increased to 41.5 percent.  
FY2017-FY2018 Biennial Budget Adjustments (H.B. 1500) enacted 5/3/2017 and effective 5/3/17 (FY2017) and 7/1/17 (FY2018).

The Tobacco Indemnification and Community Revitalization Fund was also created. Fifty percent of the monies received from the MSA shall be deposited into the fund subject to the sale of this money to the Tobacco Settlement Financing Corporation. If the sale occurs, all the investment income from the Tobacco Indemnification and Community Revitalization Endowment from the lump sum payment from the sale of this money shall be deposited in the Tobacco Indemnification and Community Revitalization Fund. 
VA. CODE ANN. §§ 3.1-1109.1 &amp; 3.1-1111 (2002).

Fifty percent of the MSA strategic contribution payments were allocated to the Virginia Health Care Fund in FY2017 and FY2018.</Description>
<CategoryDisplayOrder>14</CategoryDisplayOrder>
<SubcategoryDisplayOrder>2</SubcategoryDisplayOrder>
<SubcategoryID>1328</SubcategoryID>
<CategoryID>1326</CategoryID>
<StateID>47</StateID>
</qryXMLSLATIDetail>
<qryXMLSLATIDetail>
<Name>Virginia</Name>
<Abbrev>VA</Abbrev>
<FipsCode>51</FipsCode>
<Category>Preemption</Category>
<Subcategory>Summary of all Preemptive Tobacco Control Laws</Subcategory>
<HasLawOrRestriction>Y</HasLawOrRestriction>
<HasLawOrRestrictionDescription>Yes, has a law or restriction</HasLawOrRestrictionDescription>
<Description>Local smoking ordinances adopted after January 1, 1990 shall not contain provisions that exceed state smoking restrictions, except as specified.</Description>
<CategoryDisplayOrder>16</CategoryDisplayOrder>
<SubcategoryDisplayOrder>1</SubcategoryDisplayOrder>
<SubcategoryID>1330</SubcategoryID>
<CategoryID>1329</CategoryID>
<StateID>47</StateID>
</qryXMLSLATIDetail>
<qryXMLSLATIDetail>
<Name>Virginia</Name>
<Abbrev>VA</Abbrev>
<FipsCode>51</FipsCode>
<Category>Tobacco Control Program Funding</Category>
<Subcategory>Source of funding</Subcategory>
<HasLawOrRestriction>Y</HasLawOrRestriction>
<HasLawOrRestrictionDescription>Yes, has a law or restriction</HasLawOrRestrictionDescription>
<Description>State funding for Virginia&apos;s tobacco control program comes from annual Master Settlement Agreement payments.</Description>
<CategoryDisplayOrder>3</CategoryDisplayOrder>
<SubcategoryDisplayOrder>7</SubcategoryDisplayOrder>
<SubcategoryID>1337</SubcategoryID>
<CategoryID>1331</CategoryID>
<StateID>47</StateID>
</qryXMLSLATIDetail>
<qryXMLSLATIDetail>
<Name>Virginia</Name>
<Abbrev>VA</Abbrev>
<FipsCode>51</FipsCode>
<Category>Tobacco Control Program Funding</Category>
<Subcategory>State Funding Details</Subcategory>
<HasLawOrRestriction>Y</HasLawOrRestriction>
<HasLawOrRestrictionDescription>Yes, has a law or restriction</HasLawOrRestrictionDescription>
<Citation>FY2017-FY2018 Biennial Budget Amendments (H.B. 1500) enacted 5/3/17 and effective 5/3/17 (FY2017) and 7/1/17 (FY2018).</Citation>
<Description>Virginia allocated $8,517,532 for tobacco prevention and cessation programs in FY2018 (July 1, 2017 to June 30, 2018). In FY2017, $8,248,304 was allocated.</Description>
<Year>2018</Year>
<YearLabel>Fiscal Year</YearLabel>
<NumericValue>8517532</NumericValue>
<NumericValueLabel>Amount</NumericValueLabel>
<CategoryDisplayOrder>3</CategoryDisplayOrder>
<SubcategoryDisplayOrder>8</SubcategoryDisplayOrder>
<SubcategoryID>1338</SubcategoryID>
<CategoryID>1331</CategoryID>
<StateID>47</StateID>
</qryXMLSLATIDetail>
<qryXMLSLATIDetail>
<Name>Virginia</Name>
<Abbrev>VA</Abbrev>
<FipsCode>51</FipsCode>
<Category>Tobacco Control Program Funding</Category>
<Subcategory>Tobacco Control Program Related Laws</Subcategory>
<HasLawOrRestriction>Y</HasLawOrRestriction>
<HasLawOrRestrictionDescription>Yes, has a law or restriction</HasLawOrRestrictionDescription>
<Citation>VA. CODE ANN. §§ 32.1-354 to 32.1-359 (2017).</Citation>
<Description>The Virginia Foundation for Healthy Youth is created to assist in determining the appropriate recipients of monies in the Virginia Tobacco Settlement Fund, and causing distribution of such moneys for the purposes provided. The Foundation shall include the following divisions: 1) the Virginia Tobacco Settlement Foundation to assist in financing efforts to restrict the use of tobacco products by persons under age 18; 2) the Virginia Youth Obesity Prevention division, which may use moneys from the Fund to assist in financing efforts to reduce childhood obesity; and 3) the Virginia Substance Use Prevention Division, which may use moneys from the Fund to assist in financing efforts to prevent and reduce substance use by youth in the Commonwealth. The foundation shall be administered by a board of governors consisting of 23 members, including five designated representatives from public health organizations, which can include the American Lung Association of Virginia.</Description>
<CategoryDisplayOrder>3</CategoryDisplayOrder>
<SubcategoryDisplayOrder>9</SubcategoryDisplayOrder>
<SubcategoryID>1339</SubcategoryID>
<CategoryID>1331</CategoryID>
<StateID>47</StateID>
</qryXMLSLATIDetail>
<qryXMLSLATIDetail>
<Name>Virginia</Name>
<Abbrev>VA</Abbrev>
<FipsCode>51</FipsCode>
<Category>Fire Safety Standards for Cigarettes</Category>
<Subcategory>Law Setting Fire Safety Standard for Cigarettes</Subcategory>
<HasLawOrRestriction>Y</HasLawOrRestriction>
<HasLawOrRestrictionDescription>Yes, has a law or restriction</HasLawOrRestrictionDescription>
<Citation>VA. CODE ANN. §§ 9.1.209 to 9.1-217 (2014).</Citation>
<Description>To help prevent cigarette-caused fires, except as provided in subsection N of section 9.1-210 Virginia Code, no cigarettes may be sold or offered for sale in Virginia or offered for sale or sold to persons located in Virginia unless: 1) The cigarettes have been tested in accordance with the test method and meet the performance standard specified in section 9.1-210 Virginia Code; 2) the manufacturer has filed a written certification in accordance with section 9.1-211 Virginia Code; and 3) the cigarettes have been marked in accordance with Section 9.1-212 Virginia Code.  The performance standard for cigarettes sold or offered for sale in the Commonwealth is no more than 25 percent of the cigarettes tested in a test trial shall exhibit full-length burns.  A locality may neither enact nor enforce any ordinance or other local law or regulation that conflicts with, or is inconsistent with, any provision of this chapter.</Description>
<Year>2010</Year>
<YearLabel>Effective Year</YearLabel>
<CategoryDisplayOrder>15</CategoryDisplayOrder>
<SubcategoryDisplayOrder>1</SubcategoryDisplayOrder>
<SubcategoryID>1341</SubcategoryID>
<CategoryID>1340</CategoryID>
<StateID>47</StateID>
</qryXMLSLATIDetail>
<qryXMLSLATIDetail>
<Name>Virginia</Name>
<Abbrev>VA</Abbrev>
<FipsCode>51</FipsCode>
<Category>Fire Safety Standards for Cigarettes</Category>
<Subcategory>Penalties for Fire Safety Violations</Subcategory>
<HasLawOrRestriction>Y</HasLawOrRestriction>
<HasLawOrRestrictionDescription>Yes, has a law or restriction</HasLawOrRestrictionDescription>
<Citation>VA. CODE ANN. §§ 9.1.209 to 9.1-217 (2014).</Citation>
<Description>A manufacturer or other person who knowingly sells or offers to sell cigarettes, other than by retail sale, in violation of section 9.1-210 above shall be subject to a civil penalty not to exceed $100 for each pack of cigarettes sold or offered for sale.  Penalties against any such person shall not exceed $100,000 during any 30-day period.  A retailer shall be liable for the same civil penalty for violation, but penalties shall not exceed $25,000 for any retailer during any 30-day period.  A manufacturer who knowingly makes a false certification as required by section 9.1-211 above shall be liable for a civil penalty of at least $75,000 and not to exceed $250,000 for each such false certification.</Description>
<CategoryDisplayOrder>15</CategoryDisplayOrder>
<SubcategoryDisplayOrder>2</SubcategoryDisplayOrder>
<SubcategoryID>1342</SubcategoryID>
<CategoryID>1340</CategoryID>
<StateID>47</StateID>
</qryXMLSLATIDetail>
<qryXMLSLATIDetail>
<Name>Virginia</Name>
<Abbrev>VA</Abbrev>
<FipsCode>51</FipsCode>
<Category>Laws Restricting Youth Access to Tobacco Products</Category>
<Subcategory>Photo Identification Requirements to Buy Tobacco Products</Subcategory>
<HasLawOrRestriction>Y</HasLawOrRestriction>
<HasLawOrRestrictionDescription>Yes, has a law or restriction</HasLawOrRestrictionDescription>
<Citation>VA. CODE ANN. § 18.2-371.2 (2015).</Citation>
<Description>No person shall sell a tobacco product, nicotine vapor product or alternative nicotine product, to any individual who does not demonstrate, by producing a driver&apos;s license or similar photo identification issued by a government agency, that the individual is at least 18 years of age. Such identification is not required from an individual whom the person has reason to believe is at least 18 years of age or who the person knows is at least 18 years of age. Violation shall be punishable by a civil penalty not to exceed $100 for the first violation, up to $200 for a second violation and up to $500 for subsequent violations.</Description>
<CategoryDisplayOrder>5</CategoryDisplayOrder>
<SubcategoryDisplayOrder>7</SubcategoryDisplayOrder>
<SubcategoryID>1353</SubcategoryID>
<CategoryID>1294</CategoryID>
<StateID>47</StateID>
</qryXMLSLATIDetail>
<qryXMLSLATIDetail>
<Name>Virginia</Name>
<Abbrev>VA</Abbrev>
<FipsCode>51</FipsCode>
<Category>Licensing Requirements for Tobacco Products</Category>
<Subcategory>License Required for Retailers of Cigarettes</Subcategory>
<HasLawOrRestriction>N</HasLawOrRestriction>
<HasLawOrRestrictionDescription>No law, policy or restriction</HasLawOrRestrictionDescription>
<Description>No</Description>
<CategoryDisplayOrder>8</CategoryDisplayOrder>
<SubcategoryDisplayOrder>2</SubcategoryDisplayOrder>
<SubcategoryID>1354</SubcategoryID>
<CategoryID>1313</CategoryID>
<StateID>47</StateID>
</qryXMLSLATIDetail>
<qryXMLSLATIDetail>
<Name>Virginia</Name>
<Abbrev>VA</Abbrev>
<FipsCode>51</FipsCode>
<Category>Licensing Requirements for Tobacco Products</Category>
<Subcategory>License Required for Retailers of Other Tobacco Products</Subcategory>
<HasLawOrRestriction>N</HasLawOrRestriction>
<HasLawOrRestrictionDescription>No law, policy or restriction</HasLawOrRestrictionDescription>
<Description>No</Description>
<CategoryDisplayOrder>8</CategoryDisplayOrder>
<SubcategoryDisplayOrder>3</SubcategoryDisplayOrder>
<SubcategoryID>1355</SubcategoryID>
<CategoryID>1313</CategoryID>
<StateID>47</StateID>
</qryXMLSLATIDetail>
<qryXMLSLATIDetail>
<Name>Virginia</Name>
<Abbrev>VA</Abbrev>
<FipsCode>51</FipsCode>
<Category>Licensing Requirements for Tobacco Products</Category>
<Subcategory>License Required for Wholesalers/Distributors of Cigarettes</Subcategory>
<HasLawOrRestriction>Y</HasLawOrRestriction>
<HasLawOrRestrictionDescription>Yes, has a law or restriction</HasLawOrRestrictionDescription>
<Description>Yes</Description>
<CategoryDisplayOrder>8</CategoryDisplayOrder>
<SubcategoryDisplayOrder>4</SubcategoryDisplayOrder>
<SubcategoryID>1356</SubcategoryID>
<CategoryID>1313</CategoryID>
<StateID>47</StateID>
</qryXMLSLATIDetail>
<qryXMLSLATIDetail>
<Name>Virginia</Name>
<Abbrev>VA</Abbrev>
<FipsCode>51</FipsCode>
<Category>Licensing Requirements for Tobacco Products</Category>
<Subcategory>License Required for Wholesalers/Distributors of Other Tobacco Products</Subcategory>
<HasLawOrRestriction>Y</HasLawOrRestriction>
<HasLawOrRestrictionDescription>Yes, has a law or restriction</HasLawOrRestrictionDescription>
<Description>Yes</Description>
<CategoryDisplayOrder>8</CategoryDisplayOrder>
<SubcategoryDisplayOrder>5</SubcategoryDisplayOrder>
<SubcategoryID>1357</SubcategoryID>
<CategoryID>1313</CategoryID>
<StateID>47</StateID>
</qryXMLSLATIDetail>
<qryXMLSLATIDetail>
<Name>Virginia</Name>
<Abbrev>VA</Abbrev>
<FipsCode>51</FipsCode>
<Category>Divestment</Category>
<Subcategory>Divestment</Subcategory>
<HasLawOrRestriction>N</HasLawOrRestriction>
<HasLawOrRestrictionDescription>No law, policy or restriction</HasLawOrRestrictionDescription>
<Description>No state law/regulation.</Description>
<CategoryDisplayOrder>12</CategoryDisplayOrder>
<SubcategoryDisplayOrder>1</SubcategoryDisplayOrder>
<SubcategoryID>1359</SubcategoryID>
<CategoryID>1360</CategoryID>
<StateID>47</StateID>
</qryXMLSLATIDetail>
<qryXMLSLATIDetail>
<Name>Virginia</Name>
<Abbrev>VA</Abbrev>
<FipsCode>51</FipsCode>
<Category>Activity</Category>
<Subcategory>Recent Legislative Activity</Subcategory>
<Description>Tobacco Control Program Funding: Allocated $8,517,532 in state funding for tobacco prevention and cessation programs in FY2018.
FY2017-FY2018 Biennial Budget Amendments (H.B. 1500) enacted 5/3/17 and effective 5/3/17 (FY2017) and 7/1/17 (FY2018).

Tobacco Control Program Funding/Tobacco Control Programs: Creates a Virginia Youth Substance Prevention division in the Virginia Foundation for Healthy Youth using moneys from the Virginia Tobacco Settlement Fund to finance efforts to prevent and reduce substance use by youth. This same Fund also provides funding for efforts to reduce tobacco use and obesity among youth.
S.B. 1050 enacted 2/20/17 and effective 7/1/17.

Tobacco Taxes: Adds and amends laws related to tobacco taxes, including requiring purchasers of cigarettes for resale to apply for a special cigarette exemption certificate and sets requirements to qualify for the exemption certificate.
H.B. 1913 and S.B. 1390 enacted 2/21/17 &amp; 3/13/17 respectively and parts effective 7/1/17 and 1/1/18.

Tobacco Tax: Requires localities that impose a local cigarette tax and use stamps as evidence of tax payment to provide a full refund for stamps returned to the locality.
H.B. 1950 enacted 2/21/17 and effective 7/1/17.</Description>
<Year>2017</Year>
<YearLabel>Year</YearLabel>
<AssocDate>2017-12-31T00:00:00</AssocDate>
<CategoryDisplayOrder>17</CategoryDisplayOrder>
<SubcategoryDisplayOrder>1</SubcategoryDisplayOrder>
<SubcategoryID>1366</SubcategoryID>
<CategoryID>1365</CategoryID>
<StateID>47</StateID>
</qryXMLSLATIDetail>
<qryXMLSLATIDetail>
<Name>Virginia</Name>
<Abbrev>VA</Abbrev>
<FipsCode>51</FipsCode>
<Category>Laws Restricting Youth Access to Tobacco Products</Category>
<Subcategory>Minimum Sales Age for Tobacco Products</Subcategory>
<HasLawOrRestriction>Y</HasLawOrRestriction>
<HasLawOrRestrictionDescription>Yes, has a law or restriction</HasLawOrRestrictionDescription>
<Description>18</Description>
<NumericValue>18</NumericValue>
<NumericValueLabel>Minimum Age</NumericValueLabel>
<CategoryDisplayOrder>5</CategoryDisplayOrder>
<SubcategoryDisplayOrder>1</SubcategoryDisplayOrder>
<SubcategoryID>1369</SubcategoryID>
<CategoryID>1294</CategoryID>
<StateID>47</StateID>
</qryXMLSLATIDetail>
<qryXMLSLATIDetail>
<Name>Virginia</Name>
<Abbrev>VA</Abbrev>
<FipsCode>51</FipsCode>
<Category>Use of Tobacco Settlement Dollars</Category>
<Subcategory>Securitization</Subcategory>
<HasLawOrRestriction>Y</HasLawOrRestriction>
<HasLawOrRestrictionDescription>Yes, has a law or restriction</HasLawOrRestrictionDescription>
<Citation>H.B. 3111 enacted 3/13/07 and effective 7/1/07 &amp; VA. CODE ANN. §§ 32.1-360 (2017) &amp; 32.1-361.1 (2009).</Citation>
<Description>Authorizes the governor to securitize 50 percent of revenues from the annual MSA payments and creates the Tobacco Indemnification and Community Revitalization Endowment to receive the lump sum payment to the state.  Also creates the Tobacco Settlement Financing Corporation and authorizes it to issue bonds all at once or from time to time backed by the 50 percent of MSA payments.
H.B. 698 enacted 4/4/02 and effective 7/1/02 &amp; VA. CODE ANN. §§ 3.1-1111 (2004) &amp; 3.1-1111.1 (2001).

Authorizes the governor to securitize the 10 percent of MSA payments that currently go to the Virginia Tobacco Settlement Foundation, and creates the Virginia Foundation for Healthy Youth Endowment to receive the lump sum payment that would be received by the state. Also authorizes the Tobacco Settlement Financing Corporation to issue bonds backed by the 10 percent of MSA payments. To date, no bonds backed by this portion of MSA payments have been issued.</Description>
<CategoryDisplayOrder>14</CategoryDisplayOrder>
<SubcategoryDisplayOrder>3</SubcategoryDisplayOrder>
<SubcategoryID>1376</SubcategoryID>
<CategoryID>1326</CategoryID>
<StateID>47</StateID>
</qryXMLSLATIDetail>
<qryXMLSLATIDetail>
<Name>Virginia</Name>
<Abbrev>VA</Abbrev>
<FipsCode>51</FipsCode>
<Category>Tobacco Taxes</Category>
<Subcategory>Revenue Collected from Cigarette Taxes</Subcategory>
<HasLawOrRestriction>Y</HasLawOrRestriction>
<HasLawOrRestrictionDescription>Yes, has a law or restriction</HasLawOrRestrictionDescription>
<Description>Revenue collected in Fiscal Year 2012 (July 1, 2011 to June 30, 2012): $168,830,000</Description>
<CategoryDisplayOrder>2</CategoryDisplayOrder>
<SubcategoryDisplayOrder>3</SubcategoryDisplayOrder>
<SubcategoryID>1378</SubcategoryID>
<CategoryID>1285</CategoryID>
<StateID>47</StateID>
</qryXMLSLATIDetail>
<qryXMLSLATIDetail>
<Name>Virginia</Name>
<Abbrev>VA</Abbrev>
<FipsCode>51</FipsCode>
<Category>Tobacco Control Program Funding</Category>
<Subcategory>Funding for Tobacco Control Programs</Subcategory>
<HasLawOrRestriction>Y</HasLawOrRestriction>
<HasLawOrRestrictionDescription>Yes, has a law or restriction</HasLawOrRestrictionDescription>
<Description>FY2018 State Funding for Tobacco Control Programs:              $8,517,532

FY2018 Federal Funding for State Tobacco Control Programs: $2,482,143*

FY2018 Total Funding for State Tobacco Control Programs:      $10,999,675

Funding Level Recommended by CDC:                                        $91,600,000

Percentage of CDC-Recommended Level:                                   12.0%

*Includes regular and supplemental quitline funding from the Centers for Disease Control and Prevention and state youth access contract funding from the U.S. Food and Drug Administration.</Description>
<CategoryDisplayOrder>3</CategoryDisplayOrder>
<SubcategoryDisplayOrder>6</SubcategoryDisplayOrder>
<SubcategoryID>1379</SubcategoryID>
<CategoryID>1331</CategoryID>
<StateID>47</StateID>
</qryXMLSLATIDetail>
</tblStatesALA>
</dataroot>
