<?xml version="1.0" encoding="UTF-8"?>
<dataroot xmlns:od="urn:schemas-microsoft-com:officedata" generated="2019-01-22T09:22:19">
<tblStatesALA>
<ID>48</ID>
<Name>Washington</Name>
<Abbrev>WA</Abbrev>
<FipsCode>53</FipsCode>
<LegislatureHyperlink>#http://www.leg.wa.gov/wsladm/default.htm#</LegislatureHyperlink>
<qryXMLSLATIDetail>
<Name>Washington</Name>
<Abbrev>WA</Abbrev>
<FipsCode>53</FipsCode>
<Category>Smoking Restrictions</Category>
<Subcategory>Overall Summary of Smoking Restrictions</Subcategory>
<HasLawOrRestriction>Y</HasLawOrRestriction>
<HasLawOrRestrictionDescription>Yes, has a law or restriction</HasLawOrRestrictionDescription>
<Citation>WASH. REV. CODE § 70.345.150 (2016).</Citation>
<Description>Smoking is prohibited in virtually all public places, including restaurants, bars and non-tribal casinos. &quot;Public place&quot; is defined as that portion of any building or vehicle used by and open to the public, regardless of whether the building or vehicle is owned in whole or in part by private persons or entities, the state of Washington, or other public entity, and regardless of whether a fee is charged for admission. This includes a presumptively reasonable minimum distance of 25 feet from entrances, exits, windows that open and ventilation intakes that serve an enclosed area where smoking is prohibited. See statute citation for a specific list of what are classified as &quot;public places.&quot;
WASH. REV. CODE §§ 70.160.010 et seq. (2005).

Vapor products (e-cigarettes and related products) are prohibited in select public places, including schools and child care facilities.</Description>
<CategoryDisplayOrder>1</CategoryDisplayOrder>
<SubcategoryDisplayOrder>1</SubcategoryDisplayOrder>
<SubcategoryID>1268</SubcategoryID>
<CategoryID>1262</CategoryID>
<StateID>48</StateID>
</qryXMLSLATIDetail>
<qryXMLSLATIDetail>
<Name>Washington</Name>
<Abbrev>WA</Abbrev>
<FipsCode>53</FipsCode>
<Category>Smoking Restrictions</Category>
<Subcategory>Exceptions to the Law</Subcategory>
<HasLawOrRestriction>Y</HasLawOrRestriction>
<HasLawOrRestrictionDescription>Yes, has a law or restriction</HasLawOrRestrictionDescription>
<Citation>WASH. REV. CODE § 70.345.150 (2016).</Citation>
<Description>A public place does not include a private residence unless the private residence is used to provide licensed child care, foster care, adult care, or other similar social service care on the premises. This chapter is also not intended to restrict smoking in private facilities which are occasionally open to the public except upon the occasions when the facility is open to the public.
WASH. REV. CODE §§ 70.160.010 et seq. (2005).

Vapor product (e-cigarette and related product) use is allowed under state law in public places and workplaces with a few exceptions.</Description>
<CategoryDisplayOrder>1</CategoryDisplayOrder>
<SubcategoryDisplayOrder>2</SubcategoryDisplayOrder>
<SubcategoryID>1269</SubcategoryID>
<CategoryID>1262</CategoryID>
<StateID>48</StateID>
</qryXMLSLATIDetail>
<qryXMLSLATIDetail>
<Name>Washington</Name>
<Abbrev>WA</Abbrev>
<FipsCode>53</FipsCode>
<Category>Smoking Restrictions</Category>
<Subcategory>Stronger Local Laws on Smoking</Subcategory>
<HasLawOrRestriction>N</HasLawOrRestriction>
<HasLawOrRestrictionDescription>No law, policy or restriction</HasLawOrRestrictionDescription>
<Citation>WASH. REV. CODE § 70.345.210 (2016).</Citation>
<Description>Stronger local laws/ordinances further restricting smoking are not allowed due to a court decision by the Washington Supreme Court and are limited in scope for vapor products (e-cigarettes and related products), see below.

The Washington Supreme Court ruled unanimously that the prohibition on smoking in almost all public places and workplaces in Pierce County, WA cannot go into effect because the ordinance prohibits what state statute specifically allows in this case prohibiting smoking where state law allows businesses to decide whether to allow smoking or not. This means that localities in Washington are preempted from enacting clean indoor air ordinances stronger than state law.
Entertainment Industry Coalition v. Tacoma-Pierce County Health Department et al., decided 2/10/05 (2005).

No political subdivision may regulate the use of vapor products in outdoor public places, unless the public place is an area where children congregate, such as schools, playgrounds, and parks. Subject to section 70.345.150 Revised Code of Washington, political subdivisions may regulate the use of vapor products in indoor public places.</Description>
<CategoryDisplayOrder>1</CategoryDisplayOrder>
<SubcategoryDisplayOrder>3</SubcategoryDisplayOrder>
<SubcategoryID>1270</SubcategoryID>
<CategoryID>1262</CategoryID>
<StateID>48</StateID>
</qryXMLSLATIDetail>
<qryXMLSLATIDetail>
<Name>Washington</Name>
<Abbrev>WA</Abbrev>
<FipsCode>53</FipsCode>
<Category>Smoking Restrictions</Category>
<Subcategory>Government Buildings</Subcategory>
<HasLawOrRestriction>P</HasLawOrRestriction>
<HasLawOrRestrictionDescription>Smoking prohibited</HasLawOrRestrictionDescription>
<Citation>WASH. REV. CODE §§ 70.160.010 et seq. (2005).</Citation>
<Description>Smoking is prohibited in &quot;public places,&quot; which includes buildings and vehicles owned in whole or in part by the state of Washington or other public entity that are open to the public. Smoking is also prohibited in &quot;places of employment,&quot; which include any area under the control of a public employer which employees are required to pass through during the course of employment, including, but not limited to: entrances and exits to the places of employment.  Smoking is also prohibited within a presumptively reasonable minimum distance of 25 feet from entrances, exits, windows that open, and ventilation intakes that serve &quot;public places&quot; and &quot;places of employment.&quot;  The definition of &quot;public place&quot; also includes state legislative chambers and immediately adjacent hallways.</Description>
<CategoryDisplayOrder>1</CategoryDisplayOrder>
<SubcategoryDisplayOrder>4</SubcategoryDisplayOrder>
<SubcategoryID>1271</SubcategoryID>
<CategoryID>1262</CategoryID>
<StateID>48</StateID>
</qryXMLSLATIDetail>
<qryXMLSLATIDetail>
<Name>Washington</Name>
<Abbrev>WA</Abbrev>
<FipsCode>53</FipsCode>
<Category>Smoking Restrictions</Category>
<Subcategory>Private Workplaces</Subcategory>
<HasLawOrRestriction>P</HasLawOrRestriction>
<HasLawOrRestrictionDescription>Smoking prohibited</HasLawOrRestrictionDescription>
<Citation>WASH. REV. CODE §§ 70.160.010 et seq. (2005).</Citation>
<Description>Smoking is prohibited in &quot;public places,&quot; which includes buildings and vehicles owned in whole or in part by private persons or entities that are open to the public, and regardless of whether a fee is charged for admission.  Smoking is also prohibited in &quot;places of employment,&quot; which include any area under the control of a private employer which employees are required to pass through during the course of employment, including, but not limited to, entrances and exits to the places of employment.  Smoking is also prohibited within a presumptively reasonable minimum distance of 25 feet from entrances, exits, windows that open, and ventilation intakes that serve &quot;public places&quot; and &quot;places of employment.&quot;  See statute for a specific list of what are classified as &quot;public places.&quot;</Description>
<CategoryDisplayOrder>1</CategoryDisplayOrder>
<SubcategoryDisplayOrder>5</SubcategoryDisplayOrder>
<SubcategoryID>1272</SubcategoryID>
<CategoryID>1262</CategoryID>
<StateID>48</StateID>
</qryXMLSLATIDetail>
<qryXMLSLATIDetail>
<Name>Washington</Name>
<Abbrev>WA</Abbrev>
<FipsCode>53</FipsCode>
<Category>Smoking Restrictions</Category>
<Subcategory>Schools</Subcategory>
<HasLawOrRestriction>P</HasLawOrRestriction>
<HasLawOrRestrictionDescription>Smoking prohibited</HasLawOrRestrictionDescription>
<Citation>WASH. REV. CODE § 70.345.150 (2016).</Citation>
<Description>Each school district board of directors must adopt a written policy prohibiting the use of all tobacco products on public school property. The policy shall include, but not be limited to: a requirement that students and school personnel be notified of the prohibition; the posting of signs prohibiting the use of tobacco products; sanctions for students and school personnel who violate the policy; and a requirement that school district personnel enforce the prohibition.  
WASH. REV. CODE § 28A.210.310 (1997).

To the extent not covered by the restrictions above, smoking is prohibited in &quot;public places,&quot; the definition of which includes schools and educational facilities, and includes a presumptively reasonable minimum distance of 25 feet from entrances, exits, windows that open, and ventilation intakes that serve an enclosed area where smoking is prohibited.
WASH. REV. CODE §§ 70.160.010 et seq. (2005).

The use of vapor products as defined is prohibited in and within 500 feet of schools, on school buses and on the real property under the control of a school and on which same is located.</Description>
<CategoryDisplayOrder>1</CategoryDisplayOrder>
<SubcategoryDisplayOrder>6</SubcategoryDisplayOrder>
<SubcategoryID>1273</SubcategoryID>
<CategoryID>1262</CategoryID>
<StateID>48</StateID>
</qryXMLSLATIDetail>
<qryXMLSLATIDetail>
<Name>Washington</Name>
<Abbrev>WA</Abbrev>
<FipsCode>53</FipsCode>
<Category>Smoking Restrictions</Category>
<Subcategory>Child Care Facilities</Subcategory>
<HasLawOrRestriction>P</HasLawOrRestriction>
<HasLawOrRestrictionDescription>Smoking prohibited</HasLawOrRestrictionDescription>
<Citation>WASH. REV. CODE § 70.345.150 (2016).</Citation>
<Description>Smoking is prohibited in &quot;public places,&quot; which means any building or vehicle used by and open to the public, regardless of whether the building or vehicle is owned in whole or in part by private persons or entities, the state of Washington, or other public entity, including child care facilities. A &quot;public place&quot; includes a private residence when used to provide licensed child care, foster care, adult care, or other similar social service care on the premises. Smoking is also prohibited in &quot;places of employment,&quot; which include any area under the control of a public or private employer which employees are required to pass through during the course of employment, including, but not limited to, entrances and exits to the places of employment. Smoking is also prohibited within a presumptively reasonable minimum distance of 25 feet from entrances, exits, windows that open, and ventilation intakes of &quot;public places&quot; and &quot;places of employment.&quot;  
WASH. REV. CODE §§ 70.160.010 et seq. (2005).

Smoking is prohibited in the living space of any home or facility caring for foster children and in motor vehicles while transporting foster children. Adults are permitted to smoke outside away from children. This does not apply to traditional or spiritual Native American or religious ceremonies involving the use of tobacco.
WA ADMIN. CODE § 388-148-0185 (2004).

The use of vapor products as defined is prohibited inside a child care facility and on the real property under the control of a child care facility and on which it is located. Home-based child care facilities are exempt from these requirements when children enrolled in such child care facility are not present.</Description>
<CategoryDisplayOrder>1</CategoryDisplayOrder>
<SubcategoryDisplayOrder>7</SubcategoryDisplayOrder>
<SubcategoryID>1274</SubcategoryID>
<CategoryID>1262</CategoryID>
<StateID>48</StateID>
</qryXMLSLATIDetail>
<qryXMLSLATIDetail>
<Name>Washington</Name>
<Abbrev>WA</Abbrev>
<FipsCode>53</FipsCode>
<Category>Smoking Restrictions</Category>
<Subcategory>Health Care Facilities</Subcategory>
<HasLawOrRestriction>P</HasLawOrRestriction>
<HasLawOrRestrictionDescription>Smoking prohibited</HasLawOrRestrictionDescription>
<Citation>WASH. REV. CODE §§ 70.160.010 et seq. (2005).</Citation>
<Description>Smoking is prohibited in &quot;public places,&quot; the definition of which includes all hospitals, nursing homes, and health care facilities or clinics.  Smoking is also prohibited in &quot;places of employment,&quot; which include any area under the control of a public or private employer which employees are required to pass through during the course of employment, including, but not limited to, entrances and exits to the places of employment.  Smoking is also prohibited within a presumptively reasonable minimum distance of 25 feet from entrances, exits, windows that open, and ventilation intakes of &quot;public places&quot; and &quot;places of employment.&quot;</Description>
<CategoryDisplayOrder>1</CategoryDisplayOrder>
<SubcategoryDisplayOrder>8</SubcategoryDisplayOrder>
<SubcategoryID>1275</SubcategoryID>
<CategoryID>1262</CategoryID>
<StateID>48</StateID>
</qryXMLSLATIDetail>
<qryXMLSLATIDetail>
<Name>Washington</Name>
<Abbrev>WA</Abbrev>
<FipsCode>53</FipsCode>
<Category>Smoking Restrictions</Category>
<Subcategory>Restaurants</Subcategory>
<HasLawOrRestriction>P</HasLawOrRestriction>
<HasLawOrRestrictionDescription>Smoking prohibited</HasLawOrRestrictionDescription>
<Citation>WASH. REV. CODE §§ 70.160.010 et seq. (2005).</Citation>
<Description>Smoking is prohibited in &quot;public places,&quot; the definition of which includes restaurants.  Smoking is also prohibited in &quot;places of employment,&quot; which are defined as any area under the control of a public or private employer which employees are required to pass through during the course of employment.  Smoking is also prohibited within a presumptively reasonable minimum distance of 25 feet from entrances, exits, windows that open, and ventilation intakes of &quot;public places&quot; and &quot;places of employment.&quot;</Description>
<CategoryDisplayOrder>1</CategoryDisplayOrder>
<SubcategoryDisplayOrder>9</SubcategoryDisplayOrder>
<SubcategoryID>1276</SubcategoryID>
<CategoryID>1262</CategoryID>
<StateID>48</StateID>
</qryXMLSLATIDetail>
<qryXMLSLATIDetail>
<Name>Washington</Name>
<Abbrev>WA</Abbrev>
<FipsCode>53</FipsCode>
<Category>Smoking Restrictions</Category>
<Subcategory>Bars</Subcategory>
<HasLawOrRestriction>P</HasLawOrRestriction>
<HasLawOrRestrictionDescription>Smoking prohibited</HasLawOrRestrictionDescription>
<Citation>WASH. REV. CODE §§ 70.160.010 et seq. (2005).</Citation>
<Description>Smoking is prohibited in &quot;public places,&quot; the definition of which includes bars and taverns.  Smoking is also prohibited in &quot;places of employment,&quot; which are defined as any area under the control of a public or private employer which employees are required to pass through during the course of employment.  Smoking is also prohibited within a presumptively reasonable minimum distance of 25 feet from entrances, exits, windows that open, and ventilation intakes of &quot;public places&quot; and &quot;places of employment.&quot;</Description>
<CategoryDisplayOrder>1</CategoryDisplayOrder>
<SubcategoryDisplayOrder>10</SubcategoryDisplayOrder>
<SubcategoryID>1277</SubcategoryID>
<CategoryID>1262</CategoryID>
<StateID>48</StateID>
</qryXMLSLATIDetail>
<qryXMLSLATIDetail>
<Name>Washington</Name>
<Abbrev>WA</Abbrev>
<FipsCode>53</FipsCode>
<Category>Smoking Restrictions</Category>
<Subcategory>Penalties/Enforcement</Subcategory>
<HasLawOrRestriction>Y</HasLawOrRestriction>
<HasLawOrRestrictionDescription>Yes, has a law or restriction</HasLawOrRestrictionDescription>
<Citation>WASH. REV. CODE §§ 70.160.010 et seq. (2005).</Citation>
<Description>Owners or the person in charge must post signs in a conspicuous place at the entrance to a public place prohibiting smoking.  Intentionally smoking in a &quot;public place&quot; or &quot;place of employment&quot; or removal or defacement of signs are punishable by a civil fine of up to $100. Any person passing by or through a public place while on a public sidewalk or public right of way has not intentionally violated this chapter. After an initial warning, violation by an owner or person in charge of a &quot;public place&quot; or &quot;place of employment&quot; is subject to up to a $100 civil fine each day the violation continues. Local law enforcement agencies enforce the law against individual smokers and local health departments enforce the law against owners or persons in charge of &quot;public places&quot; or &quot;places of employment.&quot; Owners, operators, managers, employers, or other persons who own or control a &quot;public place&quot; or &quot;place of employment&quot; may seek to rebut the presumption that 25 feet is a reasonable minimum distance by making application to the director of the local health department or district in which the &quot;public place&quot; or &quot;place of employment&quot; is located.</Description>
<CategoryDisplayOrder>1</CategoryDisplayOrder>
<SubcategoryDisplayOrder>18</SubcategoryDisplayOrder>
<SubcategoryID>1284</SubcategoryID>
<CategoryID>1262</CategoryID>
<StateID>48</StateID>
</qryXMLSLATIDetail>
<qryXMLSLATIDetail>
<Name>Washington</Name>
<Abbrev>WA</Abbrev>
<FipsCode>53</FipsCode>
<Category>Tobacco Taxes</Category>
<Subcategory>Tax on Cigarettes</Subcategory>
<HasLawOrRestriction>Y</HasLawOrRestriction>
<HasLawOrRestrictionDescription>Yes, has a law or restriction</HasLawOrRestrictionDescription>
<Citation>WASH. REV. CODE §§ 82.24.020 (2010) &amp; 82.24.026 (2005).</Citation>
<Description>Tax rate per pack of 20: $3.025 
Date last changed: May 1, 2010 -- from $2.025 to $3.025
Year first enacted: 1935</Description>
<NumericValue>3.025</NumericValue>
<NumericValueLabel>Rate Per Pack</NumericValueLabel>
<CategoryDisplayOrder>2</CategoryDisplayOrder>
<SubcategoryDisplayOrder>1</SubcategoryDisplayOrder>
<SubcategoryID>1286</SubcategoryID>
<CategoryID>1285</CategoryID>
<StateID>48</StateID>
</qryXMLSLATIDetail>
<qryXMLSLATIDetail>
<Name>Washington</Name>
<Abbrev>WA</Abbrev>
<FipsCode>53</FipsCode>
<Category>Tobacco Taxes</Category>
<Subcategory>Use of Cigarette Tax Revenue - Summary</Subcategory>
<HasLawOrRestriction>Y</HasLawOrRestriction>
<HasLawOrRestrictionDescription>Yes, has a law or restriction</HasLawOrRestrictionDescription>
<Citation>WASH. REV. CODE §§ 82.24.020 (2010) &amp; 82.24.026 (2011).</Citation>
<Description>All revenue from the cigarette tax is deposited into the state general fund.</Description>
<Year>2012</Year>
<YearLabel>Revenue Year</YearLabel>
<NumericValue>424815000</NumericValue>
<NumericValueLabel>Revenue Collected</NumericValueLabel>
<CategoryDisplayOrder>2</CategoryDisplayOrder>
<SubcategoryDisplayOrder>4</SubcategoryDisplayOrder>
<SubcategoryID>1287</SubcategoryID>
<CategoryID>1285</CategoryID>
<StateID>48</StateID>
</qryXMLSLATIDetail>
<qryXMLSLATIDetail>
<Name>Washington</Name>
<Abbrev>WA</Abbrev>
<FipsCode>53</FipsCode>
<Category>Tobacco Taxes</Category>
<Subcategory>Taxes on Other Tobacco Products</Subcategory>
<HasLawOrRestriction>Y</HasLawOrRestriction>
<HasLawOrRestrictionDescription>Yes, has a law or restriction</HasLawOrRestrictionDescription>
<Citation>WASH. REV. CODE § 82.26.020(1) (2010).</Citation>
<Description>Little Cigars (cigar that has a cellulose acetate integrated filter): 15.125 cents/cigar;
All other Cigars: 95% of the taxable sales price not exceeding 65 cents per cigar;
Moist snuff: the greater of $2.526 or 83 1/2% of the cigarette tax multiplied by 20 for consumer sized cans or packages that weigh 1.2 ounces or less, for cans or packages that weigh more than 1.2 ounces a proportionate tax for each ounce or fractional part of an ounce above 1.2 ounces;
Any other tobacco products: 95% of the taxable sales price.</Description>
<CategoryDisplayOrder>2</CategoryDisplayOrder>
<SubcategoryDisplayOrder>6</SubcategoryDisplayOrder>
<SubcategoryID>1289</SubcategoryID>
<CategoryID>1285</CategoryID>
<StateID>48</StateID>
</qryXMLSLATIDetail>
<qryXMLSLATIDetail>
<Name>Washington</Name>
<Abbrev>WA</Abbrev>
<FipsCode>53</FipsCode>
<Category>Tobacco Taxes</Category>
<Subcategory>Use of Other Tobacco Products Tax Revenue - Summary</Subcategory>
<HasLawOrRestriction>Y</HasLawOrRestriction>
<HasLawOrRestrictionDescription>Yes, has a law or restriction</HasLawOrRestrictionDescription>
<Citation>WASH. REV. CODE § 82.26.020(3) (2010).</Citation>
<Description>All revenue from other tobacco product taxes is deposited in the state general fund.</Description>
<CategoryDisplayOrder>2</CategoryDisplayOrder>
<SubcategoryDisplayOrder>7</SubcategoryDisplayOrder>
<SubcategoryID>1290</SubcategoryID>
<CategoryID>1285</CategoryID>
<StateID>48</StateID>
</qryXMLSLATIDetail>
<qryXMLSLATIDetail>
<Name>Washington</Name>
<Abbrev>WA</Abbrev>
<FipsCode>53</FipsCode>
<Category>Laws Restricting Youth Access to Tobacco Products</Category>
<Subcategory>Compliance/Enforcement</Subcategory>
<HasLawOrRestriction>Y</HasLawOrRestriction>
<HasLawOrRestrictionDescription>Yes, has a law or restriction</HasLawOrRestrictionDescription>
<Citation>WASH. REV. CODE §§ 70.155.080 (2002), 70.155.110 (1993), 70.345.140 (2016) &amp; 70.345.160 (2016).</Citation>
<Description>The Liquor and Cannabis Board has the power to enforce laws related to the sale of tobacco products and vapor products under chapter 70.155 and 70.345 Washington Revised Code. The Board and its authorized agents or employees shall have the full power and authority to enter any place of business where tobacco products or vapor products are sold for the purpose of enforcing the provisions of the above chapters. The Board may work with local county health departments or districts and local law enforcement agencies to conduct random, unannounced inspections to assure compliance with these laws. Persons under 18 may be used with parental authorization for participation in controlled purchases for enforcement purposes.</Description>
<CategoryDisplayOrder>5</CategoryDisplayOrder>
<SubcategoryDisplayOrder>3</SubcategoryDisplayOrder>
<SubcategoryID>1295</SubcategoryID>
<CategoryID>1294</CategoryID>
<StateID>48</StateID>
</qryXMLSLATIDetail>
<qryXMLSLATIDetail>
<Name>Washington</Name>
<Abbrev>WA</Abbrev>
<FipsCode>53</FipsCode>
<Category>Laws Restricting Youth Access to Tobacco Products</Category>
<Subcategory>Penalties for Sales to Minors</Subcategory>
<HasLawOrRestriction>Y</HasLawOrRestriction>
<HasLawOrRestrictionDescription>Yes, has a law or restriction</HasLawOrRestrictionDescription>
<Citation>WASH. REV. CODE §§ 26.28.080 (2016), 70.155.090 (2006), 70.155.100 (2016), 70.345.120 (2016) &amp; 70.345.180 (2016).</Citation>
<Description>Every person who sells or gives, or permits to be sold or given to any person under the age of 18 any cigar, cigarette, cigarette paper or wrapper, tobacco in any form, or a vapor product as defined is guilty of a gross misdemeanor. The Liquor and Cannabis Board may fine a licensed person who violates this provision up to $300 for the first violation within any three year period; up to $600 for the second violation within any three year period; up to $2,000 and suspension of license for a period of six months for the third violation within any three year period; up to $3,000 and suspension of a license for one year for the fourth violation within any three year period, and revocation of a license with no chance of reinstatement for five years for the fifth or subsequent violation within any three year period. The liquor and cannabis board may develop and offer a class for retail clerks and use this class in lieu of a monetary penalty for the clerk&apos;s first violation. Any person other than a licensee who commits an offense may be fined $100 for the first violation and $200 for any subsequent violation for illegal sales of tobacco products and $50 for the first violation and $100 for each subsequent violation for illegal sales of vapor products. It is a defense to a prosecution under this section that the person making a sale reasonably relied on any of the officially issued identification specified in Revised Code of Washington section 70.155.090, subsection 1.</Description>
<CategoryDisplayOrder>5</CategoryDisplayOrder>
<SubcategoryDisplayOrder>4</SubcategoryDisplayOrder>
<SubcategoryID>1296</SubcategoryID>
<CategoryID>1294</CategoryID>
<StateID>48</StateID>
</qryXMLSLATIDetail>
<qryXMLSLATIDetail>
<Name>Washington</Name>
<Abbrev>WA</Abbrev>
<FipsCode>53</FipsCode>
<Category>Laws Restricting Youth Access to Tobacco Products</Category>
<Subcategory>Sign Posting Requirements</Subcategory>
<HasLawOrRestriction>Y</HasLawOrRestriction>
<HasLawOrRestrictionDescription>Yes, has a law or restriction</HasLawOrRestrictionDescription>
<Citation>WASH. REV. CODE §§ 70.345.070 &amp; 70.345.180 (2016).</Citation>
<Description>A tobacco product licensee shall display a sign concerning the prohibition of tobacco sales to minors, which shall be posted so that it is clearly visible to any person purchasing tobacco products from the licensee.  The sign shall read: &quot;THE SALE OF TOBACCO PRODUCTS TO PERSONS UNDER AGE 18 IS STRICTLY PROHIBITED BY STATE LAW.  IF YOU ARE UNDER 18, YOU COULD BE PENALIZED FOR PURCHASING A TOBACCO PRODUCT; PHOTO ID REQUIRED.&quot;  Penalties for licensees and non-licensees are the same as selling or giving tobacco products to a persons under age 18. Penalties are assessed by the Liquor and Cannabis Board.
WASH. REV. CODE §§ 70.155.020 (1993) &amp; 70.155.100 (2016).

A person who holds a vapor product retailer&apos;s license must display a sign concerning the prohibition of vapor product sales to persons under age 18. Such sign must: (a) Be posted so that it is clearly visible to anyone purchasing vapor products from the licensee; (b) Be designed and produced by the Department of Health to read: &quot;The sale of vapor products to persons under age eighteen is strictly prohibited by state law. If you are under age eighteen, you could be penalized for purchasing a vapor product; photo id required;&quot; and © Be provided free of charge by the Department of Health. Similar signs that include both tobacco and vapor products may be made available by the Department of Health for vapor product licensees that also have a tobacco product license. Penalties for licensees are the same as selling or giving tobacco products to a persons under age 18.</Description>
<CategoryDisplayOrder>5</CategoryDisplayOrder>
<SubcategoryDisplayOrder>5</SubcategoryDisplayOrder>
<SubcategoryID>1297</SubcategoryID>
<CategoryID>1294</CategoryID>
<StateID>48</StateID>
</qryXMLSLATIDetail>
<qryXMLSLATIDetail>
<Name>Washington</Name>
<Abbrev>WA</Abbrev>
<FipsCode>53</FipsCode>
<Category>Laws Restricting Youth Access to Tobacco Products</Category>
<Subcategory>Purchase/Possession of Tobacco Products by Minors</Subcategory>
<HasLawOrRestriction>Y</HasLawOrRestriction>
<HasLawOrRestrictionDescription>Yes, has a law or restriction</HasLawOrRestrictionDescription>
<Citation>WASH. REV. CODE §§ 70.155.080 (2002) &amp; 70.345.140 (2016).</Citation>
<Description>Individuals under 18 who purchase, possess, attempt to purchase or obtain any tobacco product or vapor product as defined are guilty of a Class Three civil infraction, punishable by a fine not to exceed $50, participation in up to four hours of community service, or both. The court may also require participation in a smoking cessation program. This provision does not apply if a person under the age of 18, with parental authorization, is participating in a controlled purchase as part of a Liquor and Cannabis Board, law enforcement, or local health department activity.</Description>
<CategoryDisplayOrder>5</CategoryDisplayOrder>
<SubcategoryDisplayOrder>8</SubcategoryDisplayOrder>
<SubcategoryID>1299</SubcategoryID>
<CategoryID>1294</CategoryID>
<StateID>48</StateID>
</qryXMLSLATIDetail>
<qryXMLSLATIDetail>
<Name>Washington</Name>
<Abbrev>WA</Abbrev>
<FipsCode>53</FipsCode>
<Category>Laws Restricting Youth Access to Tobacco Products</Category>
<Subcategory>Placement of Tobacco Products</Subcategory>
<HasLawOrRestriction>Y</HasLawOrRestriction>
<HasLawOrRestrictionDescription>Yes, has a law or restriction</HasLawOrRestrictionDescription>
<Citation>WASH. REV. CODE §§ 70.345.080 (2017) &amp; 70.345.180 (2016).</Citation>
<Description>No person may offer a vapor product for sale in an open, unsecured display that is accessible to the public without the intervention of a store employee. It is also unlawful to sell or distribute vapor products from self-service displays. Retail establishments that do allow persons under age 18 in the store and such prohibition is posted clearly on all entrances are exempt from the above requirements. Violation is subject to the same penalties as selling vapor products to persons under age 18.</Description>
<CategoryDisplayOrder>5</CategoryDisplayOrder>
<SubcategoryDisplayOrder>9</SubcategoryDisplayOrder>
<SubcategoryID>1300</SubcategoryID>
<CategoryID>1294</CategoryID>
<StateID>48</StateID>
</qryXMLSLATIDetail>
<qryXMLSLATIDetail>
<Name>Washington</Name>
<Abbrev>WA</Abbrev>
<FipsCode>53</FipsCode>
<Category>Laws Restricting Youth Access to Tobacco Products</Category>
<Subcategory>Internet Sales of Tobacco Products</Subcategory>
<HasLawOrRestriction>Y</HasLawOrRestriction>
<HasLawOrRestrictionDescription>Yes, has a law or restriction</HasLawOrRestrictionDescription>
<Citation>WASH. REV. CODE § 70.345.090 (2016).</Citation>
<Description>A person may not ship or transport, or cause to be shipped or transported, any tobacco product ordered or purchased by mail or through the Internet to anyone in this state other than a licensed wholesaler or retailer; or with knowledge or reason to know of the violation, provide substantial assistance to a person who is in violation of these requirements. Violation is a Class C felony subject to a maximum fine of $5,000, a civil penalty of up to $5,000 may be imposed in lieu of or in addition to the criminal penalty. The attorney general may seek an injunction in superior court to restrain a threatened or actual violation and compel compliance. Any violation is also considered an unfair and deceptive act or practice and an unfair method of competition in the conduct of trade or commerce under Washington law.
WASH. REV. CODE § 70.155.140 (2009).

No person may conduct a delivery sale or otherwise ship or transport, or cause to be shipped or transported, any vapor product ordered or purchased by mail or through the Internet to any person unless such seller has a valid delivery sale license and is over the minimum legal age to purchase vapor products. A delivery sale licensee must: 1) not accept a purchase or order from any person without first obtaining the full name, birth date, and residential address of that person and verifying this information through an independently operated third-party database or aggregate of databases, which includes data from government sources; 2) accept payment only through a credit or debit card issued in the purchaser&apos;s own name and verify that the card is issued to the same person identified through the same identity and age verification procedures as above; 3) before first sale verify the identity and delivery address of the purchaser by mailing or shipping a notice of sale and certification form as specified or obtaining an electronic certification from the customer as specified; and 4) include on shipping documents a clear and conspicuous statement which includes, at a minimum, that the package contains vapor products, Washington law prohibits sales to those under the minimum age, and violations may result in sanctions to both the licensee and the purchaser. A person who knowingly violates this section is guilty of a class C felony, except that the maximum fine that may be imposed is $5,000. In addition to or in lieu of any other civil or criminal remedy provided by law, a person who has violated this section is subject to a civil penalty of up to $5,000 for each violation.</Description>
<CategoryDisplayOrder>5</CategoryDisplayOrder>
<SubcategoryDisplayOrder>10</SubcategoryDisplayOrder>
<SubcategoryID>1301</SubcategoryID>
<CategoryID>1294</CategoryID>
<StateID>48</StateID>
</qryXMLSLATIDetail>
<qryXMLSLATIDetail>
<Name>Washington</Name>
<Abbrev>WA</Abbrev>
<FipsCode>53</FipsCode>
<Category>Laws Restricting Youth Access to Tobacco Products</Category>
<Subcategory>State Preemption of Local Youth Access Laws</Subcategory>
<HasLawOrRestriction>Y</HasLawOrRestriction>
<HasLawOrRestrictionDescription>Yes, has a law or restriction</HasLawOrRestrictionDescription>
<Citation>WASH. REV. CODE § 70.345.210 (2016).</Citation>
<Description>Stronger local laws/ordinances further restricting youth access to tobacco products or vapor products as defined are generally not allowed, see below.

This chapter preempts political subdivisions from adopting or enforcing requirements for the licensure and regulation of tobacco product promotions and sales within retail stores. No political subdivision may regulate or prohibit activities covered by Revised Code of Washington sections 70.155.020 through 70.155.080. This chapter does not otherwise preempt political subdivisions from adopting ordinances regulating the sale, purchase, use, or promotion of tobacco products not inconsistent with chapter 507, Laws of 1993.
WASH. REV. CODE § 70.155.130 (1993).

This chapter preempts political subdivisions from adopting or enforcing requirements for the licensure and regulation of vapor product promotions and sales at retail.</Description>
<CategoryDisplayOrder>5</CategoryDisplayOrder>
<SubcategoryDisplayOrder>13</SubcategoryDisplayOrder>
<SubcategoryID>1303</SubcategoryID>
<CategoryID>1294</CategoryID>
<StateID>48</StateID>
</qryXMLSLATIDetail>
<qryXMLSLATIDetail>
<Name>Washington</Name>
<Abbrev>WA</Abbrev>
<FipsCode>53</FipsCode>
<Category>Tobacco Product Samples/Minimum Sales Amounts for Tobacco Products</Category>
<Subcategory>Tobacco Product Samples</Subcategory>
<HasLawOrRestriction>Y</HasLawOrRestriction>
<HasLawOrRestrictionDescription>Yes, has a law or restriction</HasLawOrRestrictionDescription>
<Citation>WASH. REV. CODE §§ 70.345.110 &amp; 70.345.180 (2016).</Citation>
<Description>No person may engage in the business of sampling tobacco products. A violation of this section is a misdemeanor.
WASH. REV. CODE §§ 70.155.050 (2006)

Note: A 2006 federal district court decision found that federal law preempted the state law above in regards to cigarette sampling only.

No person shall give or distribute coupons for tobacco products if such coupon is redeemed in any manner that does not require an in-person transaction in a retail store. The penalty for licensees and all others is a fine of $2,000 for each violation.
WASH. REV. CODE §§ 70.155.070 (1993) &amp; 70.155.100 (2016).

No person may give or distribute vapor products to a person free of charge by coupon, unless the vapor product was provided to the person as a contingency of prior or the same purchase as part of an in-person transaction or delivery sale. This does not prohibit the use of coupons to receive a discount on a vapor product as part of an in-person transaction or delivery sale. Violation is subject to the same penalties as selling vapor products to persons under age 18.</Description>
<CategoryDisplayOrder>6</CategoryDisplayOrder>
<SubcategoryDisplayOrder>1</SubcategoryDisplayOrder>
<SubcategoryID>1305</SubcategoryID>
<CategoryID>1304</CategoryID>
<StateID>48</StateID>
</qryXMLSLATIDetail>
<qryXMLSLATIDetail>
<Name>Washington</Name>
<Abbrev>WA</Abbrev>
<FipsCode>53</FipsCode>
<Category>Tobacco Product Samples/Minimum Sales Amounts for Tobacco Products</Category>
<Subcategory>Minimum Tobacco Products Sales Amounts</Subcategory>
<HasLawOrRestriction>Y</HasLawOrRestriction>
<HasLawOrRestrictionDescription>Yes, has a law or restriction</HasLawOrRestrictionDescription>
<Citation>WASH. REV. CODE § 82.24.035 (1999).</Citation>
<Description>No person shall sell or permit to be sold cigarettes not in the original unopened package to which the required stamp has been affixed.  This does not apply to the sale of loose leaf tobacco by a retail business that generates a minimum of 60 percent of annual gross sales from the sale of tobacco products.  Penalties assessed against the licensee by the Liquor Control Board for violation are the same as selling or giving tobacco products to minors.   Any person other than a licensee who commits a violation may be fined $100 for each offense.     
WASH. REV. CODE §§ 70.155.040 (1993) &amp; 70.155.100 (1998).

No stamp may be affixed to, or made upon, any container or package of cigarettes if the container or package differs in any respect with the requirements of the Federal Cigarette Labeling and Advertising Act for the placement of labels, warnings, or any other information upon a package of cigarettes that is to be sold within the United States.</Description>
<CategoryDisplayOrder>6</CategoryDisplayOrder>
<SubcategoryDisplayOrder>2</SubcategoryDisplayOrder>
<SubcategoryID>1306</SubcategoryID>
<CategoryID>1304</CategoryID>
<StateID>48</StateID>
</qryXMLSLATIDetail>
<qryXMLSLATIDetail>
<Name>Washington</Name>
<Abbrev>WA</Abbrev>
<FipsCode>53</FipsCode>
<Category>Tobacco Product Samples/Minimum Sales Amounts for Tobacco Products</Category>
<Subcategory>State Preemption of Local Samples Laws</Subcategory>
<HasLawOrRestriction>Y</HasLawOrRestriction>
<HasLawOrRestrictionDescription>Yes, has a law or restriction</HasLawOrRestrictionDescription>
<Citation>WASH. REV. CODE § 70.345.210 (2016).</Citation>
<Description>This chapter preempts political subdivisions from adopting or enforcing requirements for the licensure and regulation of tobacco product promotions and sales within retail stores, except that political subdivisions that have adopted ordinances prohibiting sampling by January 1, 1993, may continue to enforce these ordinances. No political subdivision may regulate or prohibit activities covered by Revised Code of Washington sections 70.155.020 through 70.155.080. This chapter does not otherwise preempt political subdivisions from adopting ordinances regulating the sale, purchase, use, or promotion of tobacco products not inconsistent with chapter 507, Laws of 1993.
WASH. REV. CODE § 70.155.130 (1993).

This chapter preempts political subdivisions from adopting or enforcing requirements for the licensure and regulation of vapor product promotions and sales at retail.</Description>
<CategoryDisplayOrder>6</CategoryDisplayOrder>
<SubcategoryDisplayOrder>3</SubcategoryDisplayOrder>
<SubcategoryID>1307</SubcategoryID>
<CategoryID>1304</CategoryID>
<StateID>48</StateID>
</qryXMLSLATIDetail>
<qryXMLSLATIDetail>
<Name>Washington</Name>
<Abbrev>WA</Abbrev>
<FipsCode>53</FipsCode>
<Category>Sales of Tobacco Products from Vending Machines</Category>
<Subcategory>Vending Machine Placement</Subcategory>
<HasLawOrRestriction>Y</HasLawOrRestriction>
<HasLawOrRestrictionDescription>Yes, has a law or restriction</HasLawOrRestrictionDescription>
<Citation>WASH. REV. CODE § 70.155.030 (1994).</Citation>
<Description>Sales of tobacco products from vending machines are prohibited unless the machines are located at industrial work sites where persons under age 18 are not employed or fully within premises where persons under age 18 are not permitted. Vending machines must not be less than 10 feet from all entrances or exits on the premises except if architecturally impractical.</Description>
<CategoryDisplayOrder>7</CategoryDisplayOrder>
<SubcategoryDisplayOrder>1</SubcategoryDisplayOrder>
<SubcategoryID>1308</SubcategoryID>
<CategoryID>1309</CategoryID>
<StateID>48</StateID>
</qryXMLSLATIDetail>
<qryXMLSLATIDetail>
<Name>Washington</Name>
<Abbrev>WA</Abbrev>
<FipsCode>53</FipsCode>
<Category>Sales of Tobacco Products from Vending Machines</Category>
<Subcategory>Penalties for Vending Machine Violations</Subcategory>
<HasLawOrRestriction>Y</HasLawOrRestriction>
<HasLawOrRestrictionDescription>Yes, has a law or restriction</HasLawOrRestrictionDescription>
<Citation>WASH. REV. CODE §§ 70.155.100 (2016).</Citation>
<Description>Violations of this provision by licensees and all others are punishable by a fine of $100 for each day the violation occurs.</Description>
<CategoryDisplayOrder>7</CategoryDisplayOrder>
<SubcategoryDisplayOrder>2</SubcategoryDisplayOrder>
<SubcategoryID>1310</SubcategoryID>
<CategoryID>1309</CategoryID>
<StateID>48</StateID>
</qryXMLSLATIDetail>
<qryXMLSLATIDetail>
<Name>Washington</Name>
<Abbrev>WA</Abbrev>
<FipsCode>53</FipsCode>
<Category>Sales of Tobacco Products from Vending Machines</Category>
<Subcategory>Sign Posting Requirements for Vending Machines</Subcategory>
<HasLawOrRestriction>N</HasLawOrRestriction>
<HasLawOrRestrictionDescription>No law, policy or restriction</HasLawOrRestrictionDescription>
<Description>No state law/regulation.</Description>
<CategoryDisplayOrder>7</CategoryDisplayOrder>
<SubcategoryDisplayOrder>3</SubcategoryDisplayOrder>
<SubcategoryID>1311</SubcategoryID>
<CategoryID>1309</CategoryID>
<StateID>48</StateID>
</qryXMLSLATIDetail>
<qryXMLSLATIDetail>
<Name>Washington</Name>
<Abbrev>WA</Abbrev>
<FipsCode>53</FipsCode>
<Category>Sales of Tobacco Products from Vending Machines</Category>
<Subcategory>State Preemption of Local Vending Machine Laws</Subcategory>
<HasLawOrRestriction>Y</HasLawOrRestriction>
<HasLawOrRestrictionDescription>Yes, has a law or restriction</HasLawOrRestrictionDescription>
<Citation>WASH. REV. CODE § 70.345.210 (2016).</Citation>
<Description>Stronger local laws/ordinances further restricting youth access to tobacco products or vapor products as defined are generally not allowed, see below.

This chapter preempts political subdivisions from adopting or enforcing requirements for the licensure and regulation of tobacco product promotions and sales within retail stores. No political subdivision may regulate or prohibit activities covered by Revised Code of Washington sections 70.155.020 through 70.155.080. This chapter does not otherwise preempt political subdivisions from adopting ordinances regulating the sale, purchase, use, or promotion of tobacco products not inconsistent with chapter 507, Laws of 1993.
WASH. REV. CODE § 70.155.130 (1993).

This chapter preempts political subdivisions from adopting or enforcing requirements for the licensure and regulation of vapor product promotions and sales at retail.</Description>
<CategoryDisplayOrder>7</CategoryDisplayOrder>
<SubcategoryDisplayOrder>4</SubcategoryDisplayOrder>
<SubcategoryID>1312</SubcategoryID>
<CategoryID>1309</CategoryID>
<StateID>48</StateID>
</qryXMLSLATIDetail>
<qryXMLSLATIDetail>
<Name>Washington</Name>
<Abbrev>WA</Abbrev>
<FipsCode>53</FipsCode>
<Category>Licensing Requirements for Tobacco Products</Category>
<Subcategory>Overall Summary of Licensing Requirements</Subcategory>
<HasLawOrRestriction>Y</HasLawOrRestriction>
<HasLawOrRestrictionDescription>Yes, has a law or restriction</HasLawOrRestrictionDescription>
<Citation>WASH. REV. CODE §§ 70.345.020 &amp; 70.345.030 (2016).</Citation>
<Description>Wholesalers and retailers of cigarettes, including retailers that provide access to consumers to a commercial cigarette making machine, must obtain a license from the state Liquor and Cannabis Board. Licenses shall expire on the master license expiration date, and shall be continued annually if the licensee has paid the required fee and complied with all specified requirements. A separate license is required for each place of business. Purchasing, selling, consigning, or distributing cigarettes, or providing consumers with access to a commercial cigarette-making machine in this state without a license is a Class C felony.  
WASH. REV. CODE §§ 82.24.500 to 82.24.540 (2016).  

Distributors and retailers of tobacco products other than cigarettes must be licensed by the state Liquor and Cannabis Board. Each license expires on the master license expiration date and shall be continued upon payment of the required fee and meeting of certain requirements. Selling other tobacco products without a license is a Class C felony.
WASH. REV. CODE §§ 82.26.150 to 82.26.190 (2016).

Retailers, distributors and persons who engage in delivery sales (sales through the mail or over of the Internet) of vapor products must obtain a license from the State Liquor and Cannabis Board. Application for the licenses must be made through the business licensing system under chapter 19.02 Revised Code of Washington. Each license expires on the master license expiration date and must be continued annually if the licensee has paid the required fee and meets other specified requirements. Selling vapor products without the proper license is a Class C felony.</Description>
<CategoryDisplayOrder>8</CategoryDisplayOrder>
<SubcategoryDisplayOrder>1</SubcategoryDisplayOrder>
<SubcategoryID>1314</SubcategoryID>
<CategoryID>1313</CategoryID>
<StateID>48</StateID>
</qryXMLSLATIDetail>
<qryXMLSLATIDetail>
<Name>Washington</Name>
<Abbrev>WA</Abbrev>
<FipsCode>53</FipsCode>
<Category>Licensing Requirements for Tobacco Products</Category>
<Subcategory>License Fees</Subcategory>
<HasLawOrRestriction>Y</HasLawOrRestriction>
<HasLawOrRestrictionDescription>Yes, has a law or restriction</HasLawOrRestrictionDescription>
<Citation>WASH. REV. CODE §§ 70.345.040 (2016), 70.345.050 (2016), 70.345.060 (2016), 82.24.520 (2013), 82.24.530 (2016), 82.26.160 (2005) &amp; 82.26.170 (2016).</Citation>
<Description>Cigarette wholesalers: $650 for the first place of business, $115 for any additional places of business per business license period; 
Cigarette retailers: $175 per location plus an additional $30 for each vending machine and an additional $93 to allow access to a commercial cigarette making machine per business license period; a combined cigarette and vapor product license can be purchased for $250; 
Other Tobacco Product Distributors: $650 for the first place of business, $115 for any additional places of business per business license period (unless they hold a cigarette wholesaler license for the same place of business);
Other Tobacco Product Retailers: $175 per location per business license period (unless they hold a cigarette retailer license for the same place of business); a combined other tobacco product and vapor product license can be purchased for $250;
Vapor Product Distributors: $150 for the first place of business, $100 for additional places of business per business license period;
Vapor Product Retailers: $175 per location per business license period; a combined cigarette and vapor product license can be purchased for $250;
Vapor Product Delivery Sales: $250 per application per business license period.</Description>
<CategoryDisplayOrder>8</CategoryDisplayOrder>
<SubcategoryDisplayOrder>6</SubcategoryDisplayOrder>
<SubcategoryID>1315</SubcategoryID>
<CategoryID>1313</CategoryID>
<StateID>48</StateID>
</qryXMLSLATIDetail>
<qryXMLSLATIDetail>
<Name>Washington</Name>
<Abbrev>WA</Abbrev>
<FipsCode>53</FipsCode>
<Category>Licensing Requirements for Tobacco Products</Category>
<Subcategory>License Suspension for Sales to Minors</Subcategory>
<HasLawOrRestriction>Y</HasLawOrRestriction>
<HasLawOrRestrictionDescription>Yes, has a law or restriction</HasLawOrRestrictionDescription>
<Citation>WASH. REV. CODE §§ 70.155.100 &amp; 70.345.180 (2016).</Citation>
<Description>Starting with the third violation, the state Liquor and Cannabis Board may suspend or revoke a license for specified periods of time if the licensee violates state laws prohibiting tobacco product or vapor product sales to persons under age 18 or certain other laws to limit youth access to tobacco products.</Description>
<CategoryDisplayOrder>8</CategoryDisplayOrder>
<SubcategoryDisplayOrder>7</SubcategoryDisplayOrder>
<SubcategoryID>1316</SubcategoryID>
<CategoryID>1313</CategoryID>
<StateID>48</StateID>
</qryXMLSLATIDetail>
<qryXMLSLATIDetail>
<Name>Washington</Name>
<Abbrev>WA</Abbrev>
<FipsCode>53</FipsCode>
<Category>Smoking Protection Laws</Category>
<Subcategory>Smoking Protection Law</Subcategory>
<HasLawOrRestriction>N</HasLawOrRestriction>
<HasLawOrRestrictionDescription>No law, policy or restriction</HasLawOrRestrictionDescription>
<Description>No state law/regulation.</Description>
<CategoryDisplayOrder>9</CategoryDisplayOrder>
<SubcategoryDisplayOrder>1</SubcategoryDisplayOrder>
<SubcategoryID>1319</SubcategoryID>
<CategoryID>1318</CategoryID>
<StateID>48</StateID>
</qryXMLSLATIDetail>
<qryXMLSLATIDetail>
<Name>Washington</Name>
<Abbrev>WA</Abbrev>
<FipsCode>53</FipsCode>
<Category>Advertising &amp; Promotion</Category>
<Subcategory>Advertising &amp; Promotion</Subcategory>
<HasLawOrRestriction>N</HasLawOrRestriction>
<HasLawOrRestrictionDescription>No law, policy or restriction</HasLawOrRestrictionDescription>
<Description>No state law/regulation.</Description>
<CategoryDisplayOrder>10</CategoryDisplayOrder>
<SubcategoryDisplayOrder>1</SubcategoryDisplayOrder>
<SubcategoryID>1321</SubcategoryID>
<CategoryID>1320</CategoryID>
<StateID>48</StateID>
</qryXMLSLATIDetail>
<qryXMLSLATIDetail>
<Name>Washington</Name>
<Abbrev>WA</Abbrev>
<FipsCode>53</FipsCode>
<Category>Product Disclosure</Category>
<Subcategory>Product Disclosure</Subcategory>
<HasLawOrRestriction>N</HasLawOrRestriction>
<HasLawOrRestrictionDescription>No law, policy or restriction</HasLawOrRestrictionDescription>
<Description>No state law/regulation.</Description>
<CategoryDisplayOrder>11</CategoryDisplayOrder>
<SubcategoryDisplayOrder>1</SubcategoryDisplayOrder>
<SubcategoryID>1323</SubcategoryID>
<CategoryID>1322</CategoryID>
<StateID>48</StateID>
</qryXMLSLATIDetail>
<qryXMLSLATIDetail>
<Name>Washington</Name>
<Abbrev>WA</Abbrev>
<FipsCode>53</FipsCode>
<Category>Liability</Category>
<Subcategory>Tobacco Industry Liability</Subcategory>
<HasLawOrRestriction>Y</HasLawOrRestriction>
<HasLawOrRestrictionDescription>Yes, has a law or restriction</HasLawOrRestrictionDescription>
<Citation>WASH. REV. CODE § 43.340 (2006).</Citation>
<Description>In civil litigation under any legal theory involving a signatory, a successor of a signatory or any affiliate of a signatory to the Master Settlement Agreement (MSA), the supersedeas bond to be furnished in order to stay the execution of the judgment during the entire course of appellate review shall be set in accordance with applicable laws or court rules, except that the total bond that is required of all appellants collectively shall not exceed $100 million, regardless of the value of the judgment.  If an appellee proves by a preponderance of the evidence that an appellant is dissipating assets outside the ordinary course of business to avoid the payment of a judgment, a court may require the appellant to post a bond in an amount up to the amount of the judgment.</Description>
<CategoryDisplayOrder>13</CategoryDisplayOrder>
<SubcategoryDisplayOrder>1</SubcategoryDisplayOrder>
<SubcategoryID>1325</SubcategoryID>
<CategoryID>1324</CategoryID>
<StateID>48</StateID>
</qryXMLSLATIDetail>
<qryXMLSLATIDetail>
<Name>Washington</Name>
<Abbrev>WA</Abbrev>
<FipsCode>53</FipsCode>
<Category>Use of Tobacco Settlement Dollars</Category>
<Subcategory>Use of Tobacco Settlement Dollars - Summary</Subcategory>
<HasLawOrRestriction>Y</HasLawOrRestriction>
<HasLawOrRestrictionDescription>Yes, has a law or restriction</HasLawOrRestrictionDescription>
<Citation>WASH. REV. CODE § 43.79.480 (2015).</Citation>
<Description>Annual Master Settlement Agreement payments received by Washington are deposited in the tobacco settlement account except moneys that have been sold to the Tobacco Settlement Authority, see below. Moneys in this account may only be transferred to the state general fund or Tobacco Prevention and Control Account from there. Additional MSA payments called strategic contribution payments received in 2008 through 2017 are distributed to the Life Sciences Discovery Fund although part of those payments have been diverted the last two biennia.</Description>
<Year>2012</Year>
<YearLabel>Year</YearLabel>
<NumericValue>150700000</NumericValue>
<NumericValueLabel>Amount Received</NumericValueLabel>
<CategoryDisplayOrder>14</CategoryDisplayOrder>
<SubcategoryDisplayOrder>1</SubcategoryDisplayOrder>
<SubcategoryID>1327</SubcategoryID>
<CategoryID>1326</CategoryID>
<StateID>48</StateID>
</qryXMLSLATIDetail>
<qryXMLSLATIDetail>
<Name>Washington</Name>
<Abbrev>WA</Abbrev>
<FipsCode>53</FipsCode>
<Category>Use of Tobacco Settlement Dollars</Category>
<Subcategory>Use of Tobacco Settlement Dollars - Detailed Information</Subcategory>
<HasLawOrRestriction>Y</HasLawOrRestriction>
<HasLawOrRestrictionDescription>Yes, has a law or restriction</HasLawOrRestrictionDescription>
<Citation>WASH. REV. CODE § 43.79.480 (2015).</Citation>
<Description>Moneys received by the state of Washington in accordance with the settlement of the state’s legal action against tobacco product manufacturers, exclusive of costs and attorneys’ fees, shall be deposited in the tobacco settlement account except as these moneys are sold or assigned to the Tobacco Settlement Authority (see Securitization section below). Moneys in the tobacco settlement account may only be transferred to the state general fund, and to the Tobacco Prevention and Control Account to help fund the tobacco prevention and cessation program. Master Settlement Agreement (MSA) strategic contribution payments received in 2008 through 2017 will be distributed to the Life Sciences Discovery Fund. During the 2014-2015 and 2016-2017 biennia less than the full MSA strategic contribution payment may be transferred to the Life Sciences Discovery Fund, and amounts attributable to those payments may be transferred into the state general fund.</Description>
<CategoryDisplayOrder>14</CategoryDisplayOrder>
<SubcategoryDisplayOrder>2</SubcategoryDisplayOrder>
<SubcategoryID>1328</SubcategoryID>
<CategoryID>1326</CategoryID>
<StateID>48</StateID>
</qryXMLSLATIDetail>
<qryXMLSLATIDetail>
<Name>Washington</Name>
<Abbrev>WA</Abbrev>
<FipsCode>53</FipsCode>
<Category>Preemption</Category>
<Subcategory>Summary of all Preemptive Tobacco Control Laws</Subcategory>
<HasLawOrRestriction>Y</HasLawOrRestriction>
<HasLawOrRestrictionDescription>Yes, has a law or restriction</HasLawOrRestrictionDescription>
<Description>Stronger local laws/ordinances further restricting smoking and youth access to tobacco products are generally not allowed.</Description>
<CategoryDisplayOrder>16</CategoryDisplayOrder>
<SubcategoryDisplayOrder>1</SubcategoryDisplayOrder>
<SubcategoryID>1330</SubcategoryID>
<CategoryID>1329</CategoryID>
<StateID>48</StateID>
</qryXMLSLATIDetail>
<qryXMLSLATIDetail>
<Name>Washington</Name>
<Abbrev>WA</Abbrev>
<FipsCode>53</FipsCode>
<Category>Tobacco Control Program Funding</Category>
<Subcategory>Source of funding</Subcategory>
<HasLawOrRestriction>Y</HasLawOrRestriction>
<HasLawOrRestrictionDescription>Yes, has a law or restriction</HasLawOrRestrictionDescription>
<Description>State funding for Washington&apos;s tobacco control program comes from the state tobacco product retailer licensing fees.</Description>
<CategoryDisplayOrder>3</CategoryDisplayOrder>
<SubcategoryDisplayOrder>7</SubcategoryDisplayOrder>
<SubcategoryID>1337</SubcategoryID>
<CategoryID>1331</CategoryID>
<StateID>48</StateID>
</qryXMLSLATIDetail>
<qryXMLSLATIDetail>
<Name>Washington</Name>
<Abbrev>WA</Abbrev>
<FipsCode>53</FipsCode>
<Category>Tobacco Control Program Funding</Category>
<Subcategory>State Funding Details</Subcategory>
<HasLawOrRestriction>Y</HasLawOrRestriction>
<HasLawOrRestrictionDescription>Yes, has a law or restriction</HasLawOrRestrictionDescription>
<Citation>FY2018-FY2019 Biennial Budget (S.B. 5883) enacted 6/30/17 and effective 7/1/17 (FY2018) &amp; 7/1/18 (FY2019).</Citation>
<Description>Washington allocated $1,406,388 for tobacco prevention and cessation programs in FY2018 (July 1, 2017 to June 30, 2018). In FY2017, $2,312,707 was allocated. This is the first year of the FY2018-FY2019 biennium.</Description>
<Year>2018</Year>
<YearLabel>Fiscal Year</YearLabel>
<NumericValue>1406388</NumericValue>
<NumericValueLabel>Amount</NumericValueLabel>
<CategoryDisplayOrder>3</CategoryDisplayOrder>
<SubcategoryDisplayOrder>8</SubcategoryDisplayOrder>
<SubcategoryID>1338</SubcategoryID>
<CategoryID>1331</CategoryID>
<StateID>48</StateID>
</qryXMLSLATIDetail>
<qryXMLSLATIDetail>
<Name>Washington</Name>
<Abbrev>WA</Abbrev>
<FipsCode>53</FipsCode>
<Category>Fire Safety Standards for Cigarettes</Category>
<Subcategory>Law Setting Fire Safety Standard for Cigarettes</Subcategory>
<HasLawOrRestriction>Y</HasLawOrRestriction>
<HasLawOrRestrictionDescription>Yes, has a law or restriction</HasLawOrRestrictionDescription>
<Citation>WASH. REV. CODE §§ 19.305.010 to 19.305.110 (2009).</Citation>
<Description>To help prevent cigarette-caused fires, except as provided in subsection 7 of section 19.305.020 Revised Code of Washington, cigarettes may not be sold or offered for sale in Washington or offered for sale or sold to persons located in Washington unless: 1) the cigarettes have been tested in accordance with the test method and meet the performance standard specified in section 19.305.020 Revised Code of Washington; 2) a written certification has been filed by the manufacturer with the State Director of Fire Protection in accordance with section 19.305.030 Revised Code of Washington, and the cigarettes have been marked in accordance with section 19.305.040 Revised Code of Washington.</Description>
<Year>2009</Year>
<YearLabel>Effective Year</YearLabel>
<CategoryDisplayOrder>15</CategoryDisplayOrder>
<SubcategoryDisplayOrder>1</SubcategoryDisplayOrder>
<SubcategoryID>1341</SubcategoryID>
<CategoryID>1340</CategoryID>
<StateID>48</StateID>
</qryXMLSLATIDetail>
<qryXMLSLATIDetail>
<Name>Washington</Name>
<Abbrev>WA</Abbrev>
<FipsCode>53</FipsCode>
<Category>Fire Safety Standards for Cigarettes</Category>
<Subcategory>Penalties for Fire Safety Violations</Subcategory>
<HasLawOrRestriction>Y</HasLawOrRestriction>
<HasLawOrRestrictionDescription>Yes, has a law or restriction</HasLawOrRestrictionDescription>
<Citation>WASH. REV. CODE §§ 19.305.010 to 19.305.110 (2009).</Citation>
<Description>A manufacturer, wholesale dealer, agent or any other person or entity who knowingly sells or offers to sell cigarettes, other than through retail sale, in violation of section 19.305.020 above is subject to a civil penalty for each sale of such cigarettes of not to exceed $10,000 for a first offense and not to exceed $25,000 for any subsequent offenses.  Penalties shall not exceed $100,000 in any 30-day period.  A retail dealer that knowingly sells fewer than 1,000 cigarettes in violation of the section 19.305.020 above is subject to a civil penalty of not to exceed $500 for a first offense and not to exceed $2,000 for subsequent offenses.  A retail dealer that knowingly sells 1,000 or more cigarettes in violation of section 19.305.020 above is subject to a civil penalty of not to exceed $1,000 for a first offense and not to exceed $5,000 for subsequent offenses.  Penalties may not exceed $25,000 in any 30-day period.  In addition, any corporation, partnership, sole proprietor, limited partnership, or association engaged in the manufacture of cigarettes that knowingly makes a false certification is subject to a civil penalty of at least $75,000 for the first false certification and not to exceed $250,000 for each subsequent false certification.</Description>
<CategoryDisplayOrder>15</CategoryDisplayOrder>
<SubcategoryDisplayOrder>2</SubcategoryDisplayOrder>
<SubcategoryID>1342</SubcategoryID>
<CategoryID>1340</CategoryID>
<StateID>48</StateID>
</qryXMLSLATIDetail>
<qryXMLSLATIDetail>
<Name>Washington</Name>
<Abbrev>WA</Abbrev>
<FipsCode>53</FipsCode>
<Category>Laws Restricting Youth Access to Tobacco Products</Category>
<Subcategory>Photo Identification Requirements to Buy Tobacco Products</Subcategory>
<HasLawOrRestriction>Y</HasLawOrRestriction>
<HasLawOrRestrictionDescription>Yes, has a law or restriction</HasLawOrRestrictionDescription>
<Citation>WASH. REV. CODE §§ 70.155.090 (2006) &amp; 70.345.120 (2016).</Citation>
<Description>Where there may be a question of a person&apos;s right to purchase or obtain tobacco products or vapor products as defined by reason of age, the retailer or agent thereof, shall require the purchaser to present any one of a list of officially issued identification that shows the purchaser&apos;s age and bears their signature and photograph. No specific penalty is specified for violation.</Description>
<CategoryDisplayOrder>5</CategoryDisplayOrder>
<SubcategoryDisplayOrder>7</SubcategoryDisplayOrder>
<SubcategoryID>1353</SubcategoryID>
<CategoryID>1294</CategoryID>
<StateID>48</StateID>
</qryXMLSLATIDetail>
<qryXMLSLATIDetail>
<Name>Washington</Name>
<Abbrev>WA</Abbrev>
<FipsCode>53</FipsCode>
<Category>Licensing Requirements for Tobacco Products</Category>
<Subcategory>License Required for Retailers of Cigarettes</Subcategory>
<HasLawOrRestriction>Y</HasLawOrRestriction>
<HasLawOrRestrictionDescription>Yes, has a law or restriction</HasLawOrRestrictionDescription>
<Description>Yes</Description>
<CategoryDisplayOrder>8</CategoryDisplayOrder>
<SubcategoryDisplayOrder>2</SubcategoryDisplayOrder>
<SubcategoryID>1354</SubcategoryID>
<CategoryID>1313</CategoryID>
<StateID>48</StateID>
</qryXMLSLATIDetail>
<qryXMLSLATIDetail>
<Name>Washington</Name>
<Abbrev>WA</Abbrev>
<FipsCode>53</FipsCode>
<Category>Licensing Requirements for Tobacco Products</Category>
<Subcategory>License Required for Retailers of Other Tobacco Products</Subcategory>
<HasLawOrRestriction>Y</HasLawOrRestriction>
<HasLawOrRestrictionDescription>Yes, has a law or restriction</HasLawOrRestrictionDescription>
<Description>Yes</Description>
<CategoryDisplayOrder>8</CategoryDisplayOrder>
<SubcategoryDisplayOrder>3</SubcategoryDisplayOrder>
<SubcategoryID>1355</SubcategoryID>
<CategoryID>1313</CategoryID>
<StateID>48</StateID>
</qryXMLSLATIDetail>
<qryXMLSLATIDetail>
<Name>Washington</Name>
<Abbrev>WA</Abbrev>
<FipsCode>53</FipsCode>
<Category>Licensing Requirements for Tobacco Products</Category>
<Subcategory>License Required for Wholesalers/Distributors of Cigarettes</Subcategory>
<HasLawOrRestriction>Y</HasLawOrRestriction>
<HasLawOrRestrictionDescription>Yes, has a law or restriction</HasLawOrRestrictionDescription>
<Description>Yes</Description>
<CategoryDisplayOrder>8</CategoryDisplayOrder>
<SubcategoryDisplayOrder>4</SubcategoryDisplayOrder>
<SubcategoryID>1356</SubcategoryID>
<CategoryID>1313</CategoryID>
<StateID>48</StateID>
</qryXMLSLATIDetail>
<qryXMLSLATIDetail>
<Name>Washington</Name>
<Abbrev>WA</Abbrev>
<FipsCode>53</FipsCode>
<Category>Licensing Requirements for Tobacco Products</Category>
<Subcategory>License Required for Wholesalers/Distributors of Other Tobacco Products</Subcategory>
<HasLawOrRestriction>Y</HasLawOrRestriction>
<HasLawOrRestrictionDescription>Yes, has a law or restriction</HasLawOrRestrictionDescription>
<Description>Yes</Description>
<CategoryDisplayOrder>8</CategoryDisplayOrder>
<SubcategoryDisplayOrder>5</SubcategoryDisplayOrder>
<SubcategoryID>1357</SubcategoryID>
<CategoryID>1313</CategoryID>
<StateID>48</StateID>
</qryXMLSLATIDetail>
<qryXMLSLATIDetail>
<Name>Washington</Name>
<Abbrev>WA</Abbrev>
<FipsCode>53</FipsCode>
<Category>Divestment</Category>
<Subcategory>Divestment</Subcategory>
<HasLawOrRestriction>N</HasLawOrRestriction>
<HasLawOrRestrictionDescription>No law, policy or restriction</HasLawOrRestrictionDescription>
<Description>No state law/regulation.</Description>
<CategoryDisplayOrder>12</CategoryDisplayOrder>
<SubcategoryDisplayOrder>1</SubcategoryDisplayOrder>
<SubcategoryID>1359</SubcategoryID>
<CategoryID>1360</CategoryID>
<StateID>48</StateID>
</qryXMLSLATIDetail>
<qryXMLSLATIDetail>
<Name>Washington</Name>
<Abbrev>WA</Abbrev>
<FipsCode>53</FipsCode>
<Category>Activity</Category>
<Subcategory>Recent Legislative Activity</Subcategory>
<Description>Tobacco Control Program Funding: Allocated $1,406,388 in state funding for tobacco prevention and cessation initiatives in FY2018.
FY2018-FY2019 Biennial Budget (S.B. 5883) enacted 6/30/17 and effective 7/1/17 (FY2018) &amp; 7/1/18 (FY2019).

E-Cigarettes/Youth Access: Clarifies that state law that prohibits the sale of e-cigarettes (vapor products) from self-service displays does not apply to tobacco products.
H.B. 2038 enacted 5/5/17 and effective 7/23/17.

Tobacco Product Surcharge/State Employees: Requires the Public Employee Benefits Board to collect a $25 per month surcharge payment in addition to health insurance premiums from state employees that use tobacco products. The surcharge is no less than $50 per month if the member covers a spouse or domestic partner on the plan
S.B. 5883, sect. 735 enacted 6/30/17 and effective 7/1/17.</Description>
<Year>2017</Year>
<YearLabel>Year</YearLabel>
<AssocDate>2017-12-31T00:00:00</AssocDate>
<CategoryDisplayOrder>17</CategoryDisplayOrder>
<SubcategoryDisplayOrder>1</SubcategoryDisplayOrder>
<SubcategoryID>1366</SubcategoryID>
<CategoryID>1365</CategoryID>
<StateID>48</StateID>
</qryXMLSLATIDetail>
<qryXMLSLATIDetail>
<Name>Washington</Name>
<Abbrev>WA</Abbrev>
<FipsCode>53</FipsCode>
<Category>Laws Restricting Youth Access to Tobacco Products</Category>
<Subcategory>Minimum Sales Age for Tobacco Products</Subcategory>
<HasLawOrRestriction>Y</HasLawOrRestriction>
<HasLawOrRestrictionDescription>Yes, has a law or restriction</HasLawOrRestrictionDescription>
<Description>18</Description>
<NumericValue>18</NumericValue>
<NumericValueLabel>Minimum Age</NumericValueLabel>
<CategoryDisplayOrder>5</CategoryDisplayOrder>
<SubcategoryDisplayOrder>1</SubcategoryDisplayOrder>
<SubcategoryID>1369</SubcategoryID>
<CategoryID>1294</CategoryID>
<StateID>48</StateID>
</qryXMLSLATIDetail>
<qryXMLSLATIDetail>
<Name>Washington</Name>
<Abbrev>WA</Abbrev>
<FipsCode>53</FipsCode>
<Category>Use of Tobacco Settlement Dollars</Category>
<Subcategory>Securitization</Subcategory>
<HasLawOrRestriction>Y</HasLawOrRestriction>
<HasLawOrRestrictionDescription>Yes, has a law or restriction</HasLawOrRestrictionDescription>
<Citation>WASH. REV. CODE §§ 43.340.005 et seq. (2002).</Citation>
<Description>The securitization of part of the annual MSA payments was authorized to acquire a lump sum payment of $450 million up front.  The Tobacco Settlement Authority was created as an independent entity of the state to complete the transaction.</Description>
<CategoryDisplayOrder>14</CategoryDisplayOrder>
<SubcategoryDisplayOrder>3</SubcategoryDisplayOrder>
<SubcategoryID>1376</SubcategoryID>
<CategoryID>1326</CategoryID>
<StateID>48</StateID>
</qryXMLSLATIDetail>
<qryXMLSLATIDetail>
<Name>Washington</Name>
<Abbrev>WA</Abbrev>
<FipsCode>53</FipsCode>
<Category>Tobacco Taxes</Category>
<Subcategory>Revenue Collected from Cigarette Taxes</Subcategory>
<HasLawOrRestriction>Y</HasLawOrRestriction>
<HasLawOrRestrictionDescription>Yes, has a law or restriction</HasLawOrRestrictionDescription>
<Description>Revenue collected in Fiscal Year 2012 (July 1, 2011 to June 30, 2012): $424,815,000</Description>
<CategoryDisplayOrder>2</CategoryDisplayOrder>
<SubcategoryDisplayOrder>3</SubcategoryDisplayOrder>
<SubcategoryID>1378</SubcategoryID>
<CategoryID>1285</CategoryID>
<StateID>48</StateID>
</qryXMLSLATIDetail>
<qryXMLSLATIDetail>
<Name>Washington</Name>
<Abbrev>WA</Abbrev>
<FipsCode>53</FipsCode>
<Category>Tobacco Control Program Funding</Category>
<Subcategory>Funding for Tobacco Control Programs</Subcategory>
<HasLawOrRestriction>Y</HasLawOrRestriction>
<HasLawOrRestrictionDescription>Yes, has a law or restriction</HasLawOrRestrictionDescription>
<Description>FY2018 State Funding for Tobacco Control Programs:              $1,406,388

FY2018 Federal Funding for State Tobacco Control Programs: $2,725,427*

FY2018 Total Funding for State Tobacco Control Programs:      $4,131,815

Funding Level Recommended by CDC:                                        $63,600,000

Percentage of CDC-Recommended Level:                                   6.5%

*Includes regular and supplemental quitline funding from the Centers for Disease Control and Prevention and state youth access contract funding from the U.S. Food and Drug Administration.</Description>
<CategoryDisplayOrder>3</CategoryDisplayOrder>
<SubcategoryDisplayOrder>6</SubcategoryDisplayOrder>
<SubcategoryID>1379</SubcategoryID>
<CategoryID>1331</CategoryID>
<StateID>48</StateID>
</qryXMLSLATIDetail>
</tblStatesALA>
</dataroot>
